Site,Category,Relative path (branch),Combined compare path,Status,Priority,Notes
kupwara,Python,__init__.py,__init__.py,Different,P0,
kupwara,Other,babel.cfg,babel.cfg,Match,,
kupwara,Other,censusparkingsolution-bb6329d2bd0d.json,(no combined file),Missing in combined,P1,
kupwara,Python,compreface.py,compreface.py,Match,,
kupwara,Python,customException.py,customException.py,Match,,
kupwara,Python,errors.py,errors.py,Match,,
kupwara,Python,helpers/aadhar_lookup_helper.py,helpers/aadhar_lookup_helper.py,Different,P0,
kupwara,Python,helpers/auth_helper.py,helpers/auth_helper.py,Different,P0,
kupwara,Python,helpers/autocomplete_trips_helper.py,helpers/autocomplete_trips_helper.py,Match,,
kupwara,Python,helpers/autocomplete_vehicles_helper.py,helpers/autocomplete_vehicles_helper.py,Match,,
kupwara,Python,helpers/blacklist_alert_helper.py,helpers/blacklist_alert_helper.py,Match,,
kupwara,Python,helpers/blacklisted_persons_list_helper.py,helpers/blacklisted_persons_list_helper.py,Different,P0,
kupwara,Python,helpers/enroll_blacklisted_person_helper.py,helpers/enroll_blacklisted_person_helper.py,Different,P0,
kupwara,Python,helpers/get_unfinished_trips_helper.py,helpers/get_unfinished_trips_helper.py,Match,,
kupwara,Python,helpers/home_helper.py,helpers/home_helper.py,Match,,
kupwara,Python,helpers/known_person_helper.py,helpers/known_person_helper.py,Different,P0,
kupwara,Python,helpers/known_vehicle_helper.py,site_workflows/kupwara/known_vehicle_helper.py,Different,P0,
kupwara,Python,helpers/make_trip_summary_helper.py,helpers/make_trip_summary_helper.py,Different,P0,
kupwara,Python,helpers/manual_face_verification_helper.py,helpers/manual_face_verification_helper.py,Match,,
kupwara,Python,helpers/ocr_helper.py,(no combined file),Missing in combined,P1,
kupwara,Python,helpers/person_lookup_helper.py,site_workflows/kupwara/person_lookup_helper.py,Match,,
kupwara,Python,helpers/person_report_helper.py,site_workflows/kupwara/person_report_helper.py,Match,,
kupwara,Python,helpers/recognize_person_helper.py,helpers/recognize_person_helper.py,Match,,
kupwara,Python,helpers/recognize_vehicle_helper.py,site_workflows/kupwara/recognize_vehicle_helper.py,Match,,
kupwara,Python,helpers/report_home_helper.py,site_workflows/kupwara/report_home_helper.py,Match,,
kupwara,Python,helpers/reregister_face_helper.py,helpers/reregister_face_helper.py,Different,P0,
kupwara,Python,helpers/stop_processing_helper.py,helpers/stop_processing_helper.py,Match,,
kupwara,Python,helpers/trip_registration_helper.py,site_workflows/kupwara/trip_registration_helper.py,Match,,
kupwara,Python,helpers/trip_report_helper.py,helpers/trip_report_helper.py,Match,,
kupwara,Python,helpers/trips_helper.py,helpers/trips_helper.py,Match,,
kupwara,Python,helpers/unknown_person_helper.py,helpers/unknown_person_helper.py,Different,P0,
kupwara,Python,helpers/unknown_vehicle_helper.py,site_workflows/kupwara/unknown_vehicle_helper.py,Different,P0,
kupwara,Python,helpers/vehicle_helper.py,helpers/vehicle_helper.py,Match,,
kupwara,Python,helpers/vehicle_report_helper.py,site_workflows/kupwara/vehicle_report_helper.py,Match,,
kupwara,Other,messages.pot,messages.pot,Different,P1,
kupwara,Python,redisCommands.py,redisCommands.py,Different,P1,
kupwara,Python,reports_blueprint.py,reports_blueprint.py,Match,,
kupwara,Python,routeMethods.py,routeMethods.py,Different,P1,
kupwara,Python,routes.py,routes.py,Different,P1,
kupwara,Python,sqlCommands.py,sqlCommands.py,Different,P1,
kupwara,Other,static/aadhars/5cc83815-c01c-4994-8a88-dcfd951899a1.png,static/aadhars/5cc83815-c01c-4994-8a88-dcfd951899a1.png,Match,,
kupwara,Other,static/aadhars/7a89e89d-f2f9-40e9-942d-89809df73308.png,static/aadhars/7a89e89d-f2f9-40e9-942d-89809df73308.png,Match,,
kupwara,Other,static/aadhars/94943d58-f09c-415d-9b8c-947f46d7c2b3.png,static/aadhars/94943d58-f09c-415d-9b8c-947f46d7c2b3.png,Match,,
kupwara,Other,static/aadhars/MM - 123456789012- aadhar - .png,static/aadhars/MM - 123456789012- aadhar - .png,Match,,
kupwara,Other,static/aadhars/MM TWO - 123456789012- aadhar - .gif,static/aadhars/MM TWO - 123456789012- aadhar - .gif,Match,,
kupwara,Other,static/aadhars/MM TWO - 777777777777- aadhar - .png,static/aadhars/MM TWO - 777777777777- aadhar - .png,Match,,
kupwara,Other,static/aadhars/fad624b6-501b-442f-9f3b-7926f985205a.png,static/aadhars/fad624b6-501b-442f-9f3b-7926f985205a.png,Match,,
kupwara,Other,static/css/OpenSans-Light.ttf,static/css/OpenSans-Light.ttf,Match,,
kupwara,Other,static/css/arrow.png,static/css/arrow.png,Match,,
kupwara,Other,static/css/bootstrap.css.map,static/css/bootstrap.css.map,Match,,
kupwara,Static,static/css/bootstrap.min.css,static/css/bootstrap.min.css,Match,,
kupwara,Static,static/css/bootstrap.min.js,static/css/bootstrap.min.js,Match,,
kupwara,Static,static/css/buttons.dataTables.min.css,static/css/buttons.dataTables.min.css,Match,,
kupwara,Static,static/css/dataTables.bootstrap.css,static/css/dataTables.bootstrap.css,Match,,
kupwara,Static,static/css/daterangepicker.css,static/css/daterangepicker.css,Match,,
kupwara,Static,static/css/font-awesome.min.css,static/css/font-awesome.min.css,Match,,
kupwara,Static,static/css/jquery-ui.css,static/css/jquery-ui.css,Match,,
kupwara,Static,static/css/media.css,static/css/media.css,Match,,
kupwara,Static,static/css/style.css,static/css/style.css,Different,P1,
kupwara,Other,static/drivers_licenses/MM - 123456789012- drivers_license - .png,static/drivers_licenses/MM - 123456789012- drivers_license - .png,Match,,
kupwara,Other,static/images/FontAwesome.otf,static/images/FontAwesome.otf,Match,,
kupwara,Other,static/images/OpenSans-Light.ttf,static/images/OpenSans-Light.ttf,Match,,
kupwara,Other,static/images/amogh-ganganagar-logo.png,static/images/amogh-ganganagar-logo.png,Match,,
kupwara,Other,static/images/arrow.png,static/images/arrow.png,Match,,
kupwara,Other,static/images/camera-2_screenshots/22-12-08/02-39-02.055239.jpg,static/images/camera-2_screenshots/22-12-08/02-39-02.055239.jpg,Match,,
kupwara,Other,static/images/camera-2_screenshots/22-12-08/02-49-36.137264.jpg,static/images/camera-2_screenshots/22-12-08/02-49-36.137264.jpg,Match,,
kupwara,Other,static/images/camera-2_screenshots/22-12-08/02-50-03.649407.jpg,static/images/camera-2_screenshots/22-12-08/02-50-03.649407.jpg,Match,,
kupwara,Other,static/images/camera-2_screenshots/22-12-08/02-53-44.904557.jpg,static/images/camera-2_screenshots/22-12-08/02-53-44.904557.jpg,Match,,
kupwara,Other,static/images/camera-2_screenshots/22-12-08/02-53-53.219719.jpg,static/images/camera-2_screenshots/22-12-08/02-53-53.219719.jpg,Match,,
kupwara,Other,static/images/camera-2_screenshots/22-12-08/02-59-03.498623.jpg,static/images/camera-2_screenshots/22-12-08/02-59-03.498623.jpg,Match,,
kupwara,Other,static/images/camera-2_screenshots/22-12-08/03-06-23.045932.jpg,static/images/camera-2_screenshots/22-12-08/03-06-23.045932.jpg,Match,,
kupwara,Other,static/images/camera-2_screenshots/22-12-08/03-06-24.724405.jpg,static/images/camera-2_screenshots/22-12-08/03-06-24.724405.jpg,Match,,
kupwara,Other,static/images/camera-2_screenshots/22-12-08/03-09-54.620228.jpg,static/images/camera-2_screenshots/22-12-08/03-09-54.620228.jpg,Match,,
kupwara,Other,static/images/camera-2_screenshots/22-12-08/03-09-54.620229.jpg,static/images/camera-2_screenshots/22-12-08/03-09-54.620229.jpg,Match,,
kupwara,Other,static/images/camera-2_screenshots/22-12-08/03-09-54.620230.jpg,static/images/camera-2_screenshots/22-12-08/03-09-54.620230.jpg,Match,,
kupwara,Other,static/images/camera-2_screenshots/22-12-08/03-09-54.620231.jpg,static/images/camera-2_screenshots/22-12-08/03-09-54.620231.jpg,Match,,
kupwara,Other,static/images/camera-2_screenshots/22-12-08/03-09-54.620232.jpg,static/images/camera-2_screenshots/22-12-08/03-09-54.620232.jpg,Match,,
kupwara,Other,static/images/camera-2_screenshots/22-12-08/03-09-54.620233.jpg,static/images/camera-2_screenshots/22-12-08/03-09-54.620233.jpg,Match,,
kupwara,Other,static/images/camera-2_screenshots/22-12-08/03-09-54.620234.jpg,static/images/camera-2_screenshots/22-12-08/03-09-54.620234.jpg,Match,,
kupwara,Other,static/images/camera-2_screenshots/22-12-08/03-09-54.620235.jpg,static/images/camera-2_screenshots/22-12-08/03-09-54.620235.jpg,Match,,
kupwara,Other,static/images/camera-2_screenshots/22-12-08/03-09-54.620236.jpg,static/images/camera-2_screenshots/22-12-08/03-09-54.620236.jpg,Match,,
kupwara,Other,static/images/camera-2_screenshots/22-12-08/03-09-54.620237.jpg,static/images/camera-2_screenshots/22-12-08/03-09-54.620237.jpg,Match,,
kupwara,Other,static/images/camera-2_screenshots/22-12-08/03-09-54.620238.jpg,static/images/camera-2_screenshots/22-12-08/03-09-54.620238.jpg,Match,,
kupwara,Other,static/images/camera-2_screenshots/22-12-08/03-09-54.620239.jpg,static/images/camera-2_screenshots/22-12-08/03-09-54.620239.jpg,Match,,
kupwara,Other,static/images/camera-2_screenshots/22-12-08/03-09-54.620240.jpg,static/images/camera-2_screenshots/22-12-08/03-09-54.620240.jpg,Match,,
kupwara,Other,static/images/camera-2_screenshots/22-12-08/03-09-54.620241.jpg,static/images/camera-2_screenshots/22-12-08/03-09-54.620241.jpg,Match,,
kupwara,Other,static/images/camera-2_screenshots/22-12-08/03-09-54.620242.jpg,static/images/camera-2_screenshots/22-12-08/03-09-54.620242.jpg,Match,,
kupwara,Other,static/images/camera-2_screenshots/22-12-08/03-09-54.620243.jpg,static/images/camera-2_screenshots/22-12-08/03-09-54.620243.jpg,Match,,
kupwara,Other,static/images/camera-2_screenshots/22-12-08/03-09-54.620244.jpg,static/images/camera-2_screenshots/22-12-08/03-09-54.620244.jpg,Match,,
kupwara,Other,static/images/camera-2_screenshots/22-12-08/03-09-54.620245.jpg,static/images/camera-2_screenshots/22-12-08/03-09-54.620245.jpg,Match,,
kupwara,Other,static/images/camera-2_screenshots/22-12-08/03-09-54.620246.jpg,static/images/camera-2_screenshots/22-12-08/03-09-54.620246.jpg,Match,,
kupwara,Other,static/images/camera-2_screenshots/22-12-08/03-09-54.620247.jpg,static/images/camera-2_screenshots/22-12-08/03-09-54.620247.jpg,Match,,
kupwara,Other,static/images/camera-2_screenshots/22-12-08/03-09-54.620248.jpg,static/images/camera-2_screenshots/22-12-08/03-09-54.620248.jpg,Match,,
kupwara,Other,static/images/camera-2_screenshots/22-12-08/03-09-54.620249.jpg,static/images/camera-2_screenshots/22-12-08/03-09-54.620249.jpg,Match,,
kupwara,Other,static/images/camera-2_screenshots/22-12-08/03-09-54.620250.jpg,static/images/camera-2_screenshots/22-12-08/03-09-54.620250.jpg,Match,,
kupwara,Other,static/images/camera-2_screenshots/22-12-08/03-09-54.620251.jpg,static/images/camera-2_screenshots/22-12-08/03-09-54.620251.jpg,Match,,
kupwara,Other,static/images/camera-2_screenshots/22-12-08/03-09-54.620252.jpg,static/images/camera-2_screenshots/22-12-08/03-09-54.620252.jpg,Match,,
kupwara,Other,static/images/camera-2_screenshots/22-12-08/03-09-54.620253.jpg,static/images/camera-2_screenshots/22-12-08/03-09-54.620253.jpg,Match,,
kupwara,Other,static/images/camera-2_screenshots/22-12-08/03-09-54.620254.jpg,static/images/camera-2_screenshots/22-12-08/03-09-54.620254.jpg,Match,,
kupwara,Other,static/images/camera-2_screenshots/22-12-08/03-09-54.620255.jpg,static/images/camera-2_screenshots/22-12-08/03-09-54.620255.jpg,Match,,
kupwara,Other,static/images/camera-2_screenshots/22-12-08/03-09-54.620256.jpg,static/images/camera-2_screenshots/22-12-08/03-09-54.620256.jpg,Match,,
kupwara,Other,static/images/camera-2_screenshots/22-12-08/03-09-54.620257.jpg,static/images/camera-2_screenshots/22-12-08/03-09-54.620257.jpg,Match,,
kupwara,Other,static/images/camera-2_screenshots/22-12-08/03-09-54.620258.jpg,static/images/camera-2_screenshots/22-12-08/03-09-54.620258.jpg,Match,,
kupwara,Other,static/images/camera-2_screenshots/22-12-08/03-09-54.620259.jpg,static/images/camera-2_screenshots/22-12-08/03-09-54.620259.jpg,Match,,
kupwara,Other,static/images/camera-2_screenshots/22-12-08/03-09-54.620260.jpg,static/images/camera-2_screenshots/22-12-08/03-09-54.620260.jpg,Match,,
kupwara,Other,static/images/camera-2_screenshots/22-12-08/03-09-54.620261.jpg,static/images/camera-2_screenshots/22-12-08/03-09-54.620261.jpg,Match,,
kupwara,Other,static/images/camera-2_screenshots/22-12-08/03-09-54.620262.jpg,static/images/camera-2_screenshots/22-12-08/03-09-54.620262.jpg,Match,,
kupwara,Other,static/images/camera-2_screenshots/22-12-08/03-09-54.620263.jpg,static/images/camera-2_screenshots/22-12-08/03-09-54.620263.jpg,Match,,
kupwara,Other,static/images/camera-2_screenshots/22-12-08/03-09-54.620264.jpg,static/images/camera-2_screenshots/22-12-08/03-09-54.620264.jpg,Match,,
kupwara,Other,static/images/camera-2_screenshots/22-12-08/03-09-54.620265.jpg,static/images/camera-2_screenshots/22-12-08/03-09-54.620265.jpg,Match,,
kupwara,Other,static/images/census-logo.png,static/images/census-logo.png,Match,,
kupwara,Other,static/images/check.png,static/images/check.png,Match,,
kupwara,Other,static/images/cross.png,static/images/cross.png,Match,,
kupwara,Other,static/images/favicon-32x32.png,static/images/favicon-32x32.png,Match,,
kupwara,Other,static/images/fontawesome-webfont.eot,static/images/fontawesome-webfont.eot,Match,,
kupwara,Other,static/images/fontawesome-webfont.svg,static/images/fontawesome-webfont.svg,Match,,
kupwara,Other,static/images/fontawesome-webfont.ttf,static/images/fontawesome-webfont.ttf,Match,,
kupwara,Other,static/images/fontawesome-webfont.woff,static/images/fontawesome-webfont.woff,Match,,
kupwara,Other,static/images/fontawesome-webfont.woff2,static/images/fontawesome-webfont.woff2,Match,,
kupwara,Other,static/images/placeholder.png,static/images/placeholder.png,Match,,
kupwara,Other,static/images/question-1.gif,static/images/question-1.gif,Match,,
kupwara,Other,static/images/question.gif,static/images/question.gif,Match,,
kupwara,Other,static/images/question.png,static/images/question.png,Match,,
kupwara,Static,static/js/additional-methods.min.js,static/js/additional-methods.min.js,Match,,
kupwara,Static,static/js/additional-validation-methods.js,static/js/additional-validation-methods.js,Match,,
kupwara,Static,static/js/autocomplete.js,static/js/autocomplete.js,Match,,
kupwara,Static,static/js/bootstrap-colorpicker.min.js,static/js/bootstrap-colorpicker.min.js,Match,,
kupwara,Static,static/js/bootstrap-datepicker.js,static/js/bootstrap-datepicker.js,Match,,
kupwara,Static,static/js/bootstrap-datetimepicker.js,static/js/bootstrap-datetimepicker.js,Match,,
kupwara,Static,static/js/bootstrap-tagsinput.js,static/js/bootstrap-tagsinput.js,Match,,
kupwara,Static,static/js/bootstrap.min.js,static/js/bootstrap.min.js,Match,,
kupwara,Other,static/js/bootstrap.min.js.download,static/js/bootstrap.min.js.download,Match,,
kupwara,Static,static/js/buttons.html5.min.js,static/js/buttons.html5.min.js,Match,,
kupwara,Static,static/js/buttons.print.min.js,static/js/buttons.print.min.js,Match,,
kupwara,Static,static/js/clockpicker.js,static/js/clockpicker.js,Match,,
kupwara,Static,static/js/cropper.min.js,static/js/cropper.min.js,Match,,
kupwara,Static,static/js/dataTables.buttons.min.js,static/js/dataTables.buttons.min.js,Match,,
kupwara,Static,static/js/dataTables.editor.min.js,static/js/dataTables.editor.min.js,Match,,
kupwara,Static,static/js/datatables.min.js,static/js/datatables.min.js,Match,,
kupwara,Other,static/js/datatables.min.js.download,static/js/datatables.min.js.download,Match,,
kupwara,Static,static/js/daterangepicker.js,static/js/daterangepicker.js,Match,,
kupwara,Static,static/js/face-api.js,static/js/face-api.js,Match,,
kupwara,Static,static/js/face-api.min.js,static/js/face-api.min.js,Match,,
kupwara,Static,static/js/faceapi-script.js,static/js/faceapi-script.js,Match,,
kupwara,Static,static/js/highcharts.js,static/js/highcharts.js,Match,,
kupwara,Static,static/js/html5shiv.min.js,static/js/html5shiv.min.js,Match,,
kupwara,Static,static/js/icheck.min.js,static/js/icheck.min.js,Match,,
kupwara,Static,static/js/jQuery-2.1.4.min.js,static/js/jQuery-2.1.4.min.js,Match,,
kupwara,Other,static/js/jquery-3.1.1.min.js.download,static/js/jquery-3.1.1.min.js.download,Match,,
kupwara,Static,static/js/jquery-ui.js,static/js/jquery-ui.js,Match,,
kupwara,Static,static/js/jquery.blueimp-gallery.min.js,static/js/jquery.blueimp-gallery.min.js,Match,,
kupwara,Static,static/js/jquery.dataTables.min.js,static/js/jquery.dataTables.min.js,Match,,
kupwara,Static,static/js/jquery.min.js,static/js/jquery.min.js,Match,,
kupwara,Static,static/js/jquery.nicescroll.min.js,static/js/jquery.nicescroll.min.js,Match,,
kupwara,Static,static/js/jquery.popupoverlay.js,static/js/jquery.popupoverlay.js,Match,,
kupwara,Static,static/js/jquery.steps.min.js,static/js/jquery.steps.min.js,Match,,
kupwara,Static,static/js/jquery.validate.min.js,static/js/jquery.validate.min.js,Match,,
kupwara,Static,static/js/jszip.min.js,static/js/jszip.min.js,Match,,
kupwara,Static,static/js/lightboxgallery-min.js,static/js/lightboxgallery-min.js,Match,,
kupwara,Static,static/js/lightboxgallery.js,static/js/lightboxgallery.js,Match,,
kupwara,Static,static/js/moment.min.js,static/js/moment.min.js,Match,,
kupwara,Static,static/js/pdfmake.min.js,static/js/pdfmake.min.js,Match,,
kupwara,Static,static/js/select2.full.min.js,static/js/select2.full.min.js,Match,,
kupwara,Static,static/js/sweetalert2.all.min.js,static/js/sweetalert2.all.min.js,Match,,
kupwara,Static,static/js/switchery.js,static/js/switchery.js,Match,,
kupwara,Static,static/js/tesseract.min.js,(no combined file),Missing in combined,P1,
kupwara,Static,static/js/time_counter.js,static/js/time_counter.js,Match,,
kupwara,Static,static/js/tooltipster.bundle.min.js,static/js/tooltipster.bundle.min.js,Match,,
kupwara,Static,static/js/vanilla-datetimerange-picker.js,static/js/vanilla-datetimerange-picker.js,Match,,
kupwara,Static,static/js/vfs_fonts.js,static/js/vfs_fonts.js,Match,,
kupwara,Other,static/known_persons/0547b297-290e-44fd-83ba-13f90aa25f45.png,static/known_persons/0547b297-290e-44fd-83ba-13f90aa25f45.png,Match,,
kupwara,Other,static/known_persons/15464363-9717-498b-a3e3-3f1b2d907d4a.png,static/known_persons/15464363-9717-498b-a3e3-3f1b2d907d4a.png,Match,,
kupwara,Other,static/known_persons/1ab19551-a8b8-4074-9a1b-552021b37b4b.png,static/known_persons/1ab19551-a8b8-4074-9a1b-552021b37b4b.png,Match,,
kupwara,Other,static/known_persons/41669d5a-83c9-42d8-a2e2-8a41f82ec3cc.png,static/known_persons/41669d5a-83c9-42d8-a2e2-8a41f82ec3cc.png,Match,,
kupwara,Other,static/known_persons/4f16a206-3df0-4e38-9cd0-be005e05f02c.png,static/known_persons/4f16a206-3df0-4e38-9cd0-be005e05f02c.png,Match,,
kupwara,Other,static/known_persons/533fa495-4385-4f29-ad20-9caf402c6606.png,static/known_persons/533fa495-4385-4f29-ad20-9caf402c6606.png,Match,,
kupwara,Other,static/known_persons/83d0b339-73cf-4c53-b357-9cdb96b434fa.png,static/known_persons/83d0b339-73cf-4c53-b357-9cdb96b434fa.png,Match,,
kupwara,Other,static/known_persons/902b5181-daee-4638-8e23-9aae904ace73.png,static/known_persons/902b5181-daee-4638-8e23-9aae904ace73.png,Match,,
kupwara,Other,static/known_persons/96f20e21-18a4-4a7d-adf5-d3cf4489b15b.png,static/known_persons/96f20e21-18a4-4a7d-adf5-d3cf4489b15b.png,Match,,
kupwara,Other,static/known_persons/98950773-9788-4312-92b6-2a3a169a87f8.png,static/known_persons/98950773-9788-4312-92b6-2a3a169a87f8.png,Match,,
kupwara,Other,static/known_persons/eb57c83b-8148-4335-8f4c-4a18c5c6217c.png,static/known_persons/eb57c83b-8148-4335-8f4c-4a18c5c6217c.png,Match,,
kupwara,Other,static/known_persons/f9eb80f6-153d-4032-b34f-918d79b8685d.png,static/known_persons/f9eb80f6-153d-4032-b34f-918d79b8685d.png,Match,,
kupwara,Other,static/known_vehicles/03-09-54.620228.jpg,static/known_vehicles/03-09-54.620228.jpg,Match,,
kupwara,Other,static/known_vehicles/03-09-54.620229.jpg,static/known_vehicles/03-09-54.620229.jpg,Match,,
kupwara,Other,static/known_vehicles/03-09-54.620230.jpg,static/known_vehicles/03-09-54.620230.jpg,Match,,
kupwara,Other,static/known_vehicles/03-09-54.620231.jpg,static/known_vehicles/03-09-54.620231.jpg,Match,,
kupwara,Other,static/known_vehicles/03-09-54.620232.jpg,static/known_vehicles/03-09-54.620232.jpg,Match,,
kupwara,Other,static/known_vehicles/03-09-54.620233.jpg,static/known_vehicles/03-09-54.620233.jpg,Match,,
kupwara,Other,static/known_vehicles/03-09-54.620234.jpg,static/known_vehicles/03-09-54.620234.jpg,Match,,
kupwara,Other,static/known_vehicles/03-09-54.620245.jpg,static/known_vehicles/03-09-54.620245.jpg,Match,,
kupwara,Other,static/known_vehicles/03-09-54.620246.jpg,static/known_vehicles/03-09-54.620246.jpg,Match,,
kupwara,Other,static/known_vehicles/03-09-54.620247.jpg,static/known_vehicles/03-09-54.620247.jpg,Match,,
kupwara,Other,static/known_vehicles/03-09-54.620248.jpg,static/known_vehicles/03-09-54.620248.jpg,Match,,
kupwara,Other,static/known_vehicles/03-09-54.620249.jpg,static/known_vehicles/03-09-54.620249.jpg,Match,,
kupwara,Other,static/known_vehicles/03-09-54.620250.jpg,static/known_vehicles/03-09-54.620250.jpg,Match,,
kupwara,Other,static/known_vehicles/03-09-54.620251.jpg,static/known_vehicles/03-09-54.620251.jpg,Match,,
kupwara,Other,static/known_vehicles/03-09-54.620252.jpg,static/known_vehicles/03-09-54.620252.jpg,Match,,
kupwara,Other,static/known_vehicles/03-09-54.620253.jpg,static/known_vehicles/03-09-54.620253.jpg,Match,,
kupwara,Other,static/known_vehicles/03-09-54.620254.jpg,static/known_vehicles/03-09-54.620254.jpg,Match,,
kupwara,Other,static/known_vehicles/03-09-54.620255.jpg,static/known_vehicles/03-09-54.620255.jpg,Match,,
kupwara,Other,static/known_vehicles/03-09-54.620256.jpg,static/known_vehicles/03-09-54.620256.jpg,Match,,
kupwara,Other,static/known_vehicles/03-09-54.620257.jpg,static/known_vehicles/03-09-54.620257.jpg,Match,,
kupwara,Other,static/known_vehicles/03-09-54.620258.jpg,static/known_vehicles/03-09-54.620258.jpg,Match,,
kupwara,Other,static/known_vehicles/03-09-54.620259.jpg,static/known_vehicles/03-09-54.620259.jpg,Match,,
kupwara,Other,static/known_vehicles/03-09-54.620260.jpg,static/known_vehicles/03-09-54.620260.jpg,Match,,
kupwara,Other,static/known_vehicles/03-09-54.620261.jpg,static/known_vehicles/03-09-54.620261.jpg,Match,,
kupwara,Other,static/known_vehicles/03-09-54.620262.jpg,static/known_vehicles/03-09-54.620262.jpg,Match,,
kupwara,Other,static/known_vehicles/03-09-54.620263.jpg,static/known_vehicles/03-09-54.620263.jpg,Match,,
kupwara,Other,static/known_vehicles/03-09-54.620264.jpg,static/known_vehicles/03-09-54.620264.jpg,Match,,
kupwara,Other,static/known_vehicles/09-58-50.867900_camera-1_KA04MT0565.jpg,static/known_vehicles/09-58-50.867900_camera-1_KA04MT0565.jpg,Match,,
kupwara,Other,static/known_vehicles/No-Image-Available.jpg,static/known_vehicles/No-Image-Available.jpg,Match,,
kupwara,Other,static/models/face_expression_model-shard1,static/models/face_expression_model-shard1,Match,,
kupwara,Other,static/models/face_expression_model-weights_manifest.json,static/models/face_expression_model-weights_manifest.json,Match,,
kupwara,Other,static/models/face_landmark_68_model-shard1,static/models/face_landmark_68_model-shard1,Match,,
kupwara,Other,static/models/face_landmark_68_model-weights_manifest.json,static/models/face_landmark_68_model-weights_manifest.json,Match,,
kupwara,Other,static/models/face_landmark_68_tiny_model-shard1,static/models/face_landmark_68_tiny_model-shard1,Match,,
kupwara,Other,static/models/face_landmark_68_tiny_model-weights_manifest.json,static/models/face_landmark_68_tiny_model-weights_manifest.json,Match,,
kupwara,Other,static/models/face_recognition_model-shard1,static/models/face_recognition_model-shard1,Match,,
kupwara,Other,static/models/face_recognition_model-shard2,static/models/face_recognition_model-shard2,Match,,
kupwara,Other,static/models/face_recognition_model-weights_manifest.json,static/models/face_recognition_model-weights_manifest.json,Match,,
kupwara,Other,static/models/tiny_face_detector_model-shard1,static/models/tiny_face_detector_model-shard1,Match,,
kupwara,Other,static/models/tiny_face_detector_model-weights_manifest.json,static/models/tiny_face_detector_model-weights_manifest.json,Match,,
kupwara,Other,static/permit_images/1-KA04MT0565-2026-08-12 10:45:18.140283-permit-.png,static/permit_images/1-KA04MT0565-2026-08-12 10:45:18.140283-permit-.png,Match,,
kupwara,Other,static/permit_images/107-No Vehicle-2024-02-17 16:46:35.831125-permit-.png,static/permit_images/107-No Vehicle-2024-02-17 16:46:35.831125-permit-.png,Match,,
kupwara,Other,static/permit_images/85-No Vehicle-2024-01-28 20:25:38.422647-permit-.png,static/permit_images/85-No Vehicle-2024-01-28 20:25:38.422647-permit-.png,Match,,
kupwara,Other,static/permit_images/85-No Vehicle-2024-01-29 13:54:09.418325-permit-.png,static/permit_images/85-No Vehicle-2024-01-29 13:54:09.418325-permit-.png,Match,,
kupwara,Other,static/permit_images/85-No Vehicle-2024-01-30 13:14:37.170848-permit-.png,static/permit_images/85-No Vehicle-2024-01-30 13:14:37.170848-permit-.png,Match,,
kupwara,Other,static/permit_images/85-ka03af4813-2024-01-29 11:38:59.285451-permit-.png,static/permit_images/85-ka03af4813-2024-01-29 11:38:59.285451-permit-.png,Match,,
kupwara,Other,static/permit_images/85-qwe-2024-02-20 20:15:17.723162-permit-.png,static/permit_images/85-qwe-2024-02-20 20:15:17.723162-permit-.png,Match,,
kupwara,Other,static/permit_images/86-No Vehicle-2024-01-28 16:31:00.105132-permit-.png,static/permit_images/86-No Vehicle-2024-01-28 16:31:00.105132-permit-.png,Match,,
kupwara,Other,static/permit_images/86-No Vehicle-2024-02-17 10:40:42.830908-permit-.png,static/permit_images/86-No Vehicle-2024-02-17 10:40:42.830908-permit-.png,Match,,
kupwara,Other,static/permit_images/91-ka507902-2024-01-27 12:01:28.302803-permit-.png,static/permit_images/91-ka507902-2024-01-27 12:01:28.302803-permit-.png,Match,,
kupwara,Other,static/permit_images/96-No Vehicle-2024-02-16 22:53:13.622352-permit-.jpg,static/permit_images/96-No Vehicle-2024-02-16 22:53:13.622352-permit-.jpg,Match,,
kupwara,Other,static/permit_images/96-No Vehicle-2024-02-17 00:02:18.966011-permit-.jpeg,static/permit_images/96-No Vehicle-2024-02-17 00:02:18.966011-permit-.jpeg,Match,,
kupwara,Other,static/permit_images/96-No Vehicle-2024-02-17 10:15:15.917398-permit-.jpg,static/permit_images/96-No Vehicle-2024-02-17 10:15:15.917398-permit-.jpg,Match,,
kupwara,Other,static/permit_images/96-No Vehicle-2024-02-17 17:21:34.631879-permit-.png,static/permit_images/96-No Vehicle-2024-02-17 17:21:34.631879-permit-.png,Match,,
kupwara,Other,static/permit_images/96-No Vehicle-2024-02-20 21:51:10.133926-permit-.jpg,static/permit_images/96-No Vehicle-2024-02-20 21:51:10.133926-permit-.jpg,Match,,
kupwara,Other,static/permit_images/96-ka02al3752-2024-02-17 17:19:30.980160-permit-.jpeg,static/permit_images/96-ka02al3752-2024-02-17 17:19:30.980160-permit-.jpeg,Match,,
kupwara,Other,static/permit_images/96-ka05nd8105-2024-02-17 17:16:08.752780-permit-.jpg,static/permit_images/96-ka05nd8105-2024-02-17 17:16:08.752780-permit-.jpg,Match,,
kupwara,Template,templates/401.html,templates/sites/kupwara/401.html,Match,,
kupwara,Template,templates/404.html,templates/sites/kupwara/404.html,Match,,
kupwara,Template,templates/500.html,templates/sites/kupwara/500.html,Match,,
kupwara,Template,templates/aadhar_lookup.html,(no combined file),Missing in combined,P1,
kupwara,Template,templates/add_trip.html,templates/sites/kupwara/add_trip.html,Different,P0,
kupwara,Template,templates/blacklist_alert.html,templates/blacklist_alert.html,Match,,
kupwara,Template,templates/blacklisted_persons_list.html,templates/blacklisted_persons_list.html,Different,P0,
kupwara,Template,templates/cam.html,(no combined file),Missing in combined,P1,
kupwara,Template,templates/close_trip.html,templates/sites/kupwara/close_trip.html,Match,,
kupwara,Template,templates/components/trip_report_summary.html,templates/components/trip_report_summary.html,Match,,
kupwara,Template,templates/components/trip_report_summary_script.html,templates/components/trip_report_summary_script.html,Match,,
kupwara,Template,templates/components/trip_report_summary_styles.html,templates/components/trip_report_summary_styles.html,Match,,
kupwara,Template,templates/enroll_blacklisted_person.html,templates/enroll_blacklisted_person.html,Match,,
kupwara,Template,templates/faceapi.html,templates/faceapi.html,Match,,
kupwara,Template,templates/home.html,templates/home.html,Match,,
kupwara,Template,templates/known_person.html,templates/known_person.html,Different,P0,
kupwara,Template,templates/known_vehicle.html,templates/sites/kupwara/known_vehicle.html,Match,,
kupwara,Template,templates/layout.html,templates/layout.html,Different,P0,
kupwara,Template,templates/login.html,templates/login.html,Match,,
kupwara,Template,templates/logout.html,templates/logout.html,Match,,
kupwara,Template,templates/manual_face_verification.html,templates/manual_face_verification.html,Match,,
kupwara,Template,templates/manual_face_verification_static.html,templates/manual_face_verification_static.html,Different,P0,
kupwara,Template,templates/ocr-google-api.html,(no combined file),Missing in combined,P1,
kupwara,Template,templates/ocr.html,(no combined file),Missing in combined,P1,
kupwara,Template,templates/person_lookup.html,templates/sites/kupwara/person_lookup.html,Match,,
kupwara,Template,templates/person_lookup_result_list.html,templates/sites/kupwara/person_lookup_result_list.html,Match,,
kupwara,Template,templates/person_report.html,templates/sites/kupwara/person_report.html,Match,,
kupwara,Template,templates/recognize_person.html,templates/recognize_person.html,Match,,
kupwara,Template,templates/recognize_trip.html,(no combined file),Missing in combined,P1,
kupwara,Template,templates/recognize_vehicle.html,templates/sites/kupwara/recognize_vehicle.html,Different,P0,
kupwara,Template,templates/report_home.html,templates/sites/kupwara/report_home.html,Match,,
kupwara,Template,templates/reregister_face.html,templates/reregister_face.html,Match,,
kupwara,Template,templates/static-recognize-vehicle.html,templates/static-recognize-vehicle.html,Different,P0,
kupwara,Template,templates/static-recognize.html,templates/static-recognize.html,Different,P0,
kupwara,Template,templates/static_trip_summary.html,templates/sites/kupwara/static_trip_summary.html,Match,,
kupwara,Template,templates/success_page.html,templates/success_page.html,Match,,
kupwara,Template,templates/token_error.html,templates/token_error.html,Match,,
kupwara,Template,templates/trip_report.html,templates/trip_report.html,Different,P0,
kupwara,Template,templates/trip_summary.html,templates/sites/kupwara/trip_summary.html,Different,P0,
kupwara,Template,templates/unfinished_trips.html,templates/sites/kupwara/unfinished_trips.html,Match,,
kupwara,Template,templates/unknown_person.html,templates/unknown_person.html,Different,P0,
kupwara,Template,templates/unknown_vehicle.html,templates/sites/kupwara/unknown_vehicle.html,Match,,
kupwara,Template,templates/vehicle_report.html,templates/sites/kupwara/vehicle_report.html,Match,,
kupwara,Other,translations/en/LC_MESSAGES/messages.mo,translations/en/LC_MESSAGES/messages.mo,Different,P1,
kupwara,Other,translations/en/LC_MESSAGES/messages.po,translations/en/LC_MESSAGES/messages.po,Different,P1,
kupwara,Other,translations/hi/LC_MESSAGES/messages.mo,translations/hi/LC_MESSAGES/messages.mo,Different,P1,
kupwara,Other,translations/hi/LC_MESSAGES/messages.po,translations/hi/LC_MESSAGES/messages.po,Different,P1,
ncpass,Python,__init__.py,__init__.py,Different,P0,
ncpass,Other,babel.cfg,babel.cfg,Match,,
ncpass,Other,censusparkingsolution-bb6329d2bd0d.json,(no combined file),Missing in combined,P1,
ncpass,Python,compreface.py,compreface.py,Match,,
ncpass,Python,errors.py,errors.py,Different,P1,
ncpass,Python,helpers/aadhar_lookup_helper.py,helpers/aadhar_lookup_helper.py,Different,P0,
ncpass,Python,helpers/auth_helper.py,helpers/auth_helper.py,Different,P0,
ncpass,Python,helpers/autocomplete_trips_helper.py,helpers/autocomplete_trips_helper.py,Match,,
ncpass,Python,helpers/autocomplete_vehicles_helper.py,helpers/autocomplete_vehicles_helper.py,Match,,
ncpass,Python,helpers/blacklist_alert_helper.py,helpers/blacklist_alert_helper.py,Different,P0,
ncpass,Python,helpers/blacklisted_persons_list_helper.py,helpers/blacklisted_persons_list_helper.py,Different,P0,
ncpass,Python,helpers/enroll_blacklisted_person_helper.py,helpers/enroll_blacklisted_person_helper.py,Different,P0,
ncpass,Python,helpers/get_unfinished_trips_helper.py,helpers/get_unfinished_trips_helper.py,Match,,
ncpass,Python,helpers/home_helper.py,helpers/home_helper.py,Different,P0,
ncpass,Python,helpers/known_person_helper.py,helpers/known_person_helper.py,Different,P0,
ncpass,Python,helpers/known_vehicle_helper.py,site_workflows/ncpass/known_vehicle_helper.py,Different,P0,
ncpass,Python,helpers/make_trip_summary_helper.py,helpers/make_trip_summary_helper.py,Different,P0,
ncpass,Python,helpers/manual_face_verification_helper.py,helpers/manual_face_verification_helper.py,Match,,
ncpass,Python,helpers/ocr_helper.py,(no combined file),Missing in combined,P1,
ncpass,Python,helpers/person_lookup_helper.py,site_workflows/ncpass/person_lookup_helper.py,Match,,
ncpass,Python,helpers/person_report_helper.py,site_workflows/ncpass/person_report_helper.py,Match,,
ncpass,Python,helpers/recognize_person_helper.py,helpers/recognize_person_helper.py,Match,,
ncpass,Python,helpers/recognize_vehicle_helper.py,site_workflows/ncpass/recognize_vehicle_helper.py,Different,P0,
ncpass,Python,helpers/report_home_helper.py,site_workflows/ncpass/report_home_helper.py,Match,,
ncpass,Python,helpers/reregister_face_helper.py,helpers/reregister_face_helper.py,Different,P0,
ncpass,Python,helpers/stop_processing_helper.py,helpers/stop_processing_helper.py,Different,P0,
ncpass,Python,helpers/trip_registration_helper.py,site_workflows/ncpass/trip_registration_helper.py,Match,,
ncpass,Python,helpers/trip_report_helper.py,helpers/trip_report_helper.py,Match,,
ncpass,Python,helpers/unknown_person_helper.py,helpers/unknown_person_helper.py,Different,P0,
ncpass,Python,helpers/unknown_vehicle_helper.py,site_workflows/ncpass/unknown_vehicle_helper.py,Different,P0,
ncpass,Python,helpers/vehicle_helper.py,helpers/vehicle_helper.py,Different,P0,
ncpass,Python,helpers/vehicle_report_helper.py,site_workflows/ncpass/vehicle_report_helper.py,Match,,
ncpass,Other,messages.pot,messages.pot,Different,P1,
ncpass,Python,redisCommands.py,redisCommands.py,Different,P1,
ncpass,Python,routeMethods.py,routeMethods.py,Different,P1,
ncpass,Python,routes.py,routes.py,Different,P1,
ncpass,Python,sqlCommands.py,sqlCommands.py,Different,P1,
ncpass,Other,static/aadhars/5cc83815-c01c-4994-8a88-dcfd951899a1.png,static/aadhars/5cc83815-c01c-4994-8a88-dcfd951899a1.png,Match,,
ncpass,Other,static/aadhars/7a89e89d-f2f9-40e9-942d-89809df73308.png,static/aadhars/7a89e89d-f2f9-40e9-942d-89809df73308.png,Match,,
ncpass,Other,static/aadhars/94943d58-f09c-415d-9b8c-947f46d7c2b3.png,static/aadhars/94943d58-f09c-415d-9b8c-947f46d7c2b3.png,Match,,
ncpass,Other,static/aadhars/MM - 123456789012- aadhar - .png,static/aadhars/MM - 123456789012- aadhar - .png,Match,,
ncpass,Other,static/aadhars/MM TWO - 123456789012- aadhar - .gif,static/aadhars/MM TWO - 123456789012- aadhar - .gif,Match,,
ncpass,Other,static/aadhars/MM TWO - 777777777777- aadhar - .png,static/aadhars/MM TWO - 777777777777- aadhar - .png,Match,,
ncpass,Other,static/aadhars/fad624b6-501b-442f-9f3b-7926f985205a.png,static/aadhars/fad624b6-501b-442f-9f3b-7926f985205a.png,Match,,
ncpass,Other,static/aadhars/tom-113111111161-aadhar-18-08-2026:15:24:44.png,(no combined file),Missing in combined,P1,
ncpass,Other,static/aadhars/tom-113111111161-aadhar-18-08-2026:15:25:17.png,(no combined file),Missing in combined,P1,
ncpass,Other,static/css/OpenSans-Light.ttf,static/css/OpenSans-Light.ttf,Match,,
ncpass,Other,static/css/arrow.png,static/css/arrow.png,Match,,
ncpass,Other,static/css/bootstrap.css.map,static/css/bootstrap.css.map,Match,,
ncpass,Static,static/css/bootstrap.min.css,static/css/bootstrap.min.css,Match,,
ncpass,Static,static/css/bootstrap.min.js,static/css/bootstrap.min.js,Match,,
ncpass,Static,static/css/buttons.dataTables.min.css,static/css/buttons.dataTables.min.css,Match,,
ncpass,Static,static/css/dataTables.bootstrap.css,static/css/dataTables.bootstrap.css,Match,,
ncpass,Static,static/css/daterangepicker.css,static/css/daterangepicker.css,Match,,
ncpass,Static,static/css/font-awesome.min.css,static/css/font-awesome.min.css,Match,,
ncpass,Static,static/css/jquery-ui.css,static/css/jquery-ui.css,Match,,
ncpass,Static,static/css/media.css,static/css/media.css,Match,,
ncpass,Static,static/css/style.css,static/css/style.css,Different,P1,
ncpass,Other,static/drivers_licenses/MM - 123456789012- drivers_license - .png,static/drivers_licenses/MM - 123456789012- drivers_license - .png,Match,,
ncpass,Other,static/drivers_licenses/tom-123456789123456-drivers_license- 18-08-2026:15:24:44.png,(no combined file),Missing in combined,P1,
ncpass,Other,static/drivers_licenses/tom-123457789123456-drivers_license- 18-08-2026:15:25:17.png,(no combined file),Missing in combined,P1,
ncpass,Other,static/images/7RR-Logo.jpeg,static/images/7RR-Logo.jpeg,Match,,
ncpass,Other,static/images/FontAwesome.otf,static/images/FontAwesome.otf,Match,,
ncpass,Other,static/images/OpenSans-Light.ttf,static/images/OpenSans-Light.ttf,Match,,
ncpass,Other,static/images/amogh-ganganagar-logo.png,static/images/amogh-ganganagar-logo.png,Match,,
ncpass,Other,static/images/arrow.png,static/images/arrow.png,Match,,
ncpass,Other,static/images/camera-2_screenshots/22-12-08/02-39-02.055239.jpg,static/images/camera-2_screenshots/22-12-08/02-39-02.055239.jpg,Match,,
ncpass,Other,static/images/camera-2_screenshots/22-12-08/02-49-36.137264.jpg,static/images/camera-2_screenshots/22-12-08/02-49-36.137264.jpg,Match,,
ncpass,Other,static/images/camera-2_screenshots/22-12-08/02-50-03.649407.jpg,static/images/camera-2_screenshots/22-12-08/02-50-03.649407.jpg,Match,,
ncpass,Other,static/images/camera-2_screenshots/22-12-08/02-53-44.904557.jpg,static/images/camera-2_screenshots/22-12-08/02-53-44.904557.jpg,Match,,
ncpass,Other,static/images/camera-2_screenshots/22-12-08/02-53-53.219719.jpg,static/images/camera-2_screenshots/22-12-08/02-53-53.219719.jpg,Match,,
ncpass,Other,static/images/camera-2_screenshots/22-12-08/02-59-03.498623.jpg,static/images/camera-2_screenshots/22-12-08/02-59-03.498623.jpg,Match,,
ncpass,Other,static/images/camera-2_screenshots/22-12-08/03-06-23.045932.jpg,static/images/camera-2_screenshots/22-12-08/03-06-23.045932.jpg,Match,,
ncpass,Other,static/images/camera-2_screenshots/22-12-08/03-06-24.724405.jpg,static/images/camera-2_screenshots/22-12-08/03-06-24.724405.jpg,Match,,
ncpass,Other,static/images/camera-2_screenshots/22-12-08/03-09-54.620228.jpg,static/images/camera-2_screenshots/22-12-08/03-09-54.620228.jpg,Match,,
ncpass,Other,static/images/camera-2_screenshots/22-12-08/03-09-54.620229.jpg,static/images/camera-2_screenshots/22-12-08/03-09-54.620229.jpg,Match,,
ncpass,Other,static/images/camera-2_screenshots/22-12-08/03-09-54.620230.jpg,static/images/camera-2_screenshots/22-12-08/03-09-54.620230.jpg,Match,,
ncpass,Other,static/images/camera-2_screenshots/22-12-08/03-09-54.620231.jpg,static/images/camera-2_screenshots/22-12-08/03-09-54.620231.jpg,Match,,
ncpass,Other,static/images/camera-2_screenshots/22-12-08/03-09-54.620232.jpg,static/images/camera-2_screenshots/22-12-08/03-09-54.620232.jpg,Match,,
ncpass,Other,static/images/camera-2_screenshots/22-12-08/03-09-54.620233.jpg,static/images/camera-2_screenshots/22-12-08/03-09-54.620233.jpg,Match,,
ncpass,Other,static/images/camera-2_screenshots/22-12-08/03-09-54.620234.jpg,static/images/camera-2_screenshots/22-12-08/03-09-54.620234.jpg,Match,,
ncpass,Other,static/images/camera-2_screenshots/22-12-08/03-09-54.620235.jpg,static/images/camera-2_screenshots/22-12-08/03-09-54.620235.jpg,Match,,
ncpass,Other,static/images/camera-2_screenshots/22-12-08/03-09-54.620236.jpg,static/images/camera-2_screenshots/22-12-08/03-09-54.620236.jpg,Match,,
ncpass,Other,static/images/camera-2_screenshots/22-12-08/03-09-54.620237.jpg,static/images/camera-2_screenshots/22-12-08/03-09-54.620237.jpg,Match,,
ncpass,Other,static/images/camera-2_screenshots/22-12-08/03-09-54.620238.jpg,static/images/camera-2_screenshots/22-12-08/03-09-54.620238.jpg,Match,,
ncpass,Other,static/images/camera-2_screenshots/22-12-08/03-09-54.620239.jpg,static/images/camera-2_screenshots/22-12-08/03-09-54.620239.jpg,Match,,
ncpass,Other,static/images/camera-2_screenshots/22-12-08/03-09-54.620240.jpg,static/images/camera-2_screenshots/22-12-08/03-09-54.620240.jpg,Match,,
ncpass,Other,static/images/camera-2_screenshots/22-12-08/03-09-54.620241.jpg,static/images/camera-2_screenshots/22-12-08/03-09-54.620241.jpg,Match,,
ncpass,Other,static/images/camera-2_screenshots/22-12-08/03-09-54.620242.jpg,static/images/camera-2_screenshots/22-12-08/03-09-54.620242.jpg,Match,,
ncpass,Other,static/images/camera-2_screenshots/22-12-08/03-09-54.620243.jpg,static/images/camera-2_screenshots/22-12-08/03-09-54.620243.jpg,Match,,
ncpass,Other,static/images/camera-2_screenshots/22-12-08/03-09-54.620244.jpg,static/images/camera-2_screenshots/22-12-08/03-09-54.620244.jpg,Match,,
ncpass,Other,static/images/camera-2_screenshots/22-12-08/03-09-54.620245.jpg,static/images/camera-2_screenshots/22-12-08/03-09-54.620245.jpg,Match,,
ncpass,Other,static/images/camera-2_screenshots/22-12-08/03-09-54.620246.jpg,static/images/camera-2_screenshots/22-12-08/03-09-54.620246.jpg,Match,,
ncpass,Other,static/images/camera-2_screenshots/22-12-08/03-09-54.620247.jpg,static/images/camera-2_screenshots/22-12-08/03-09-54.620247.jpg,Match,,
ncpass,Other,static/images/camera-2_screenshots/22-12-08/03-09-54.620248.jpg,static/images/camera-2_screenshots/22-12-08/03-09-54.620248.jpg,Match,,
ncpass,Other,static/images/camera-2_screenshots/22-12-08/03-09-54.620249.jpg,static/images/camera-2_screenshots/22-12-08/03-09-54.620249.jpg,Match,,
ncpass,Other,static/images/camera-2_screenshots/22-12-08/03-09-54.620250.jpg,static/images/camera-2_screenshots/22-12-08/03-09-54.620250.jpg,Match,,
ncpass,Other,static/images/camera-2_screenshots/22-12-08/03-09-54.620251.jpg,static/images/camera-2_screenshots/22-12-08/03-09-54.620251.jpg,Match,,
ncpass,Other,static/images/camera-2_screenshots/22-12-08/03-09-54.620252.jpg,static/images/camera-2_screenshots/22-12-08/03-09-54.620252.jpg,Match,,
ncpass,Other,static/images/camera-2_screenshots/22-12-08/03-09-54.620253.jpg,static/images/camera-2_screenshots/22-12-08/03-09-54.620253.jpg,Match,,
ncpass,Other,static/images/camera-2_screenshots/22-12-08/03-09-54.620254.jpg,static/images/camera-2_screenshots/22-12-08/03-09-54.620254.jpg,Match,,
ncpass,Other,static/images/camera-2_screenshots/22-12-08/03-09-54.620255.jpg,static/images/camera-2_screenshots/22-12-08/03-09-54.620255.jpg,Match,,
ncpass,Other,static/images/camera-2_screenshots/22-12-08/03-09-54.620256.jpg,static/images/camera-2_screenshots/22-12-08/03-09-54.620256.jpg,Match,,
ncpass,Other,static/images/camera-2_screenshots/22-12-08/03-09-54.620257.jpg,static/images/camera-2_screenshots/22-12-08/03-09-54.620257.jpg,Match,,
ncpass,Other,static/images/camera-2_screenshots/22-12-08/03-09-54.620258.jpg,static/images/camera-2_screenshots/22-12-08/03-09-54.620258.jpg,Match,,
ncpass,Other,static/images/camera-2_screenshots/22-12-08/03-09-54.620259.jpg,static/images/camera-2_screenshots/22-12-08/03-09-54.620259.jpg,Match,,
ncpass,Other,static/images/camera-2_screenshots/22-12-08/03-09-54.620260.jpg,static/images/camera-2_screenshots/22-12-08/03-09-54.620260.jpg,Match,,
ncpass,Other,static/images/camera-2_screenshots/22-12-08/03-09-54.620261.jpg,static/images/camera-2_screenshots/22-12-08/03-09-54.620261.jpg,Match,,
ncpass,Other,static/images/camera-2_screenshots/22-12-08/03-09-54.620262.jpg,static/images/camera-2_screenshots/22-12-08/03-09-54.620262.jpg,Match,,
ncpass,Other,static/images/camera-2_screenshots/22-12-08/03-09-54.620263.jpg,static/images/camera-2_screenshots/22-12-08/03-09-54.620263.jpg,Match,,
ncpass,Other,static/images/camera-2_screenshots/22-12-08/03-09-54.620264.jpg,static/images/camera-2_screenshots/22-12-08/03-09-54.620264.jpg,Match,,
ncpass,Other,static/images/camera-2_screenshots/22-12-08/03-09-54.620265.jpg,static/images/camera-2_screenshots/22-12-08/03-09-54.620265.jpg,Match,,
ncpass,Other,static/images/census-logo.png,static/images/census-logo.png,Match,,
ncpass,Other,static/images/check.png,static/images/check.png,Match,,
ncpass,Other,static/images/cross.png,static/images/cross.png,Match,,
ncpass,Other,static/images/favicon-32x32.png,static/images/favicon-32x32.png,Match,,
ncpass,Other,static/images/fontawesome-webfont.eot,static/images/fontawesome-webfont.eot,Match,,
ncpass,Other,static/images/fontawesome-webfont.svg,static/images/fontawesome-webfont.svg,Match,,
ncpass,Other,static/images/fontawesome-webfont.ttf,static/images/fontawesome-webfont.ttf,Match,,
ncpass,Other,static/images/fontawesome-webfont.woff,static/images/fontawesome-webfont.woff,Match,,
ncpass,Other,static/images/fontawesome-webfont.woff2,static/images/fontawesome-webfont.woff2,Match,,
ncpass,Other,static/images/placeholder.png,static/images/placeholder.png,Match,,
ncpass,Other,static/images/question-1.gif,static/images/question-1.gif,Match,,
ncpass,Other,static/images/question.gif,static/images/question.gif,Match,,
ncpass,Other,static/images/question.png,static/images/question.png,Match,,
ncpass,Static,static/js/additional-methods.min.js,static/js/additional-methods.min.js,Match,,
ncpass,Static,static/js/additional-validation-methods.js,static/js/additional-validation-methods.js,Match,,
ncpass,Static,static/js/autocomplete.js,static/js/autocomplete.js,Match,,
ncpass,Static,static/js/bootstrap-colorpicker.min.js,static/js/bootstrap-colorpicker.min.js,Match,,
ncpass,Static,static/js/bootstrap-datepicker.js,static/js/bootstrap-datepicker.js,Match,,
ncpass,Static,static/js/bootstrap-datetimepicker.js,static/js/bootstrap-datetimepicker.js,Match,,
ncpass,Static,static/js/bootstrap-tagsinput.js,static/js/bootstrap-tagsinput.js,Match,,
ncpass,Static,static/js/bootstrap.min.js,static/js/bootstrap.min.js,Match,,
ncpass,Other,static/js/bootstrap.min.js.download,static/js/bootstrap.min.js.download,Match,,
ncpass,Static,static/js/buttons.html5.min.js,static/js/buttons.html5.min.js,Match,,
ncpass,Static,static/js/buttons.print.min.js,static/js/buttons.print.min.js,Match,,
ncpass,Static,static/js/clockpicker.js,static/js/clockpicker.js,Match,,
ncpass,Static,static/js/cropper.min.js,static/js/cropper.min.js,Match,,
ncpass,Static,static/js/dataTables.buttons.min.js,static/js/dataTables.buttons.min.js,Match,,
ncpass,Static,static/js/dataTables.editor.min.js,static/js/dataTables.editor.min.js,Match,,
ncpass,Static,static/js/datatables.min.js,static/js/datatables.min.js,Match,,
ncpass,Other,static/js/datatables.min.js.download,static/js/datatables.min.js.download,Match,,
ncpass,Static,static/js/daterangepicker.js,static/js/daterangepicker.js,Match,,
ncpass,Static,static/js/face-api.js,static/js/face-api.js,Match,,
ncpass,Static,static/js/face-api.min.js,static/js/face-api.min.js,Match,,
ncpass,Static,static/js/faceapi-script.js,static/js/faceapi-script.js,Match,,
ncpass,Static,static/js/highcharts.js,static/js/highcharts.js,Match,,
ncpass,Static,static/js/html5shiv.min.js,static/js/html5shiv.min.js,Match,,
ncpass,Static,static/js/icheck.min.js,static/js/icheck.min.js,Match,,
ncpass,Static,static/js/jQuery-2.1.4.min.js,static/js/jQuery-2.1.4.min.js,Match,,
ncpass,Other,static/js/jquery-3.1.1.min.js.download,static/js/jquery-3.1.1.min.js.download,Match,,
ncpass,Static,static/js/jquery-ui.js,static/js/jquery-ui.js,Match,,
ncpass,Static,static/js/jquery.blueimp-gallery.min.js,static/js/jquery.blueimp-gallery.min.js,Match,,
ncpass,Static,static/js/jquery.dataTables.min.js,static/js/jquery.dataTables.min.js,Match,,
ncpass,Static,static/js/jquery.min.js,static/js/jquery.min.js,Match,,
ncpass,Static,static/js/jquery.nicescroll.min.js,static/js/jquery.nicescroll.min.js,Match,,
ncpass,Static,static/js/jquery.popupoverlay.js,static/js/jquery.popupoverlay.js,Match,,
ncpass,Static,static/js/jquery.steps.min.js,static/js/jquery.steps.min.js,Match,,
ncpass,Static,static/js/jquery.validate.min.js,static/js/jquery.validate.min.js,Match,,
ncpass,Static,static/js/jszip.min.js,static/js/jszip.min.js,Match,,
ncpass,Static,static/js/lightboxgallery-min.js,static/js/lightboxgallery-min.js,Match,,
ncpass,Static,static/js/lightboxgallery.js,static/js/lightboxgallery.js,Match,,
ncpass,Static,static/js/moment.min.js,static/js/moment.min.js,Match,,
ncpass,Static,static/js/pdfmake.min.js,static/js/pdfmake.min.js,Match,,
ncpass,Static,static/js/select2.full.min.js,static/js/select2.full.min.js,Match,,
ncpass,Static,static/js/sweetalert2.all.min.js,static/js/sweetalert2.all.min.js,Match,,
ncpass,Static,static/js/switchery.js,static/js/switchery.js,Match,,
ncpass,Static,static/js/tesseract.min.js,(no combined file),Missing in combined,P1,
ncpass,Static,static/js/time_counter.js,static/js/time_counter.js,Match,,
ncpass,Static,static/js/tooltipster.bundle.min.js,static/js/tooltipster.bundle.min.js,Match,,
ncpass,Static,static/js/vanilla-datetimerange-picker.js,static/js/vanilla-datetimerange-picker.js,Match,,
ncpass,Static,static/js/vfs_fonts.js,static/js/vfs_fonts.js,Match,,
ncpass,Other,static/known_persons/0547b297-290e-44fd-83ba-13f90aa25f45.png,static/known_persons/0547b297-290e-44fd-83ba-13f90aa25f45.png,Match,,
ncpass,Other,static/known_persons/15464363-9717-498b-a3e3-3f1b2d907d4a.png,static/known_persons/15464363-9717-498b-a3e3-3f1b2d907d4a.png,Match,,
ncpass,Other,static/known_persons/1ab19551-a8b8-4074-9a1b-552021b37b4b.png,static/known_persons/1ab19551-a8b8-4074-9a1b-552021b37b4b.png,Match,,
ncpass,Other,static/known_persons/41669d5a-83c9-42d8-a2e2-8a41f82ec3cc.png,static/known_persons/41669d5a-83c9-42d8-a2e2-8a41f82ec3cc.png,Match,,
ncpass,Other,static/known_persons/4f16a206-3df0-4e38-9cd0-be005e05f02c.png,static/known_persons/4f16a206-3df0-4e38-9cd0-be005e05f02c.png,Match,,
ncpass,Other,static/known_persons/533fa495-4385-4f29-ad20-9caf402c6606.png,static/known_persons/533fa495-4385-4f29-ad20-9caf402c6606.png,Match,,
ncpass,Other,static/known_persons/83d0b339-73cf-4c53-b357-9cdb96b434fa.png,static/known_persons/83d0b339-73cf-4c53-b357-9cdb96b434fa.png,Match,,
ncpass,Other,static/known_persons/902b5181-daee-4638-8e23-9aae904ace73.png,static/known_persons/902b5181-daee-4638-8e23-9aae904ace73.png,Match,,
ncpass,Other,static/known_persons/96f20e21-18a4-4a7d-adf5-d3cf4489b15b.png,static/known_persons/96f20e21-18a4-4a7d-adf5-d3cf4489b15b.png,Match,,
ncpass,Other,static/known_persons/98950773-9788-4312-92b6-2a3a169a87f8.png,static/known_persons/98950773-9788-4312-92b6-2a3a169a87f8.png,Match,,
ncpass,Other,static/known_persons/e8529db4-5102-4fa1-b948-81040271784a.png,(no combined file),Missing in combined,P1,
ncpass,Other,static/known_persons/eb57c83b-8148-4335-8f4c-4a18c5c6217c.png,static/known_persons/eb57c83b-8148-4335-8f4c-4a18c5c6217c.png,Match,,
ncpass,Other,static/known_persons/f9eb80f6-153d-4032-b34f-918d79b8685d.png,static/known_persons/f9eb80f6-153d-4032-b34f-918d79b8685d.png,Match,,
ncpass,Other,static/known_vehicles/03-09-54.620228.jpg,static/known_vehicles/03-09-54.620228.jpg,Match,,
ncpass,Other,static/known_vehicles/03-09-54.620229.jpg,static/known_vehicles/03-09-54.620229.jpg,Match,,
ncpass,Other,static/known_vehicles/03-09-54.620230.jpg,static/known_vehicles/03-09-54.620230.jpg,Match,,
ncpass,Other,static/known_vehicles/03-09-54.620231.jpg,static/known_vehicles/03-09-54.620231.jpg,Match,,
ncpass,Other,static/known_vehicles/03-09-54.620232.jpg,static/known_vehicles/03-09-54.620232.jpg,Match,,
ncpass,Other,static/known_vehicles/03-09-54.620233.jpg,static/known_vehicles/03-09-54.620233.jpg,Match,,
ncpass,Other,static/known_vehicles/03-09-54.620234.jpg,static/known_vehicles/03-09-54.620234.jpg,Match,,
ncpass,Other,static/known_vehicles/03-09-54.620245.jpg,static/known_vehicles/03-09-54.620245.jpg,Match,,
ncpass,Other,static/known_vehicles/03-09-54.620246.jpg,static/known_vehicles/03-09-54.620246.jpg,Match,,
ncpass,Other,static/known_vehicles/03-09-54.620247.jpg,static/known_vehicles/03-09-54.620247.jpg,Match,,
ncpass,Other,static/known_vehicles/03-09-54.620248.jpg,static/known_vehicles/03-09-54.620248.jpg,Match,,
ncpass,Other,static/known_vehicles/03-09-54.620249.jpg,static/known_vehicles/03-09-54.620249.jpg,Match,,
ncpass,Other,static/known_vehicles/03-09-54.620250.jpg,static/known_vehicles/03-09-54.620250.jpg,Match,,
ncpass,Other,static/known_vehicles/03-09-54.620251.jpg,static/known_vehicles/03-09-54.620251.jpg,Match,,
ncpass,Other,static/known_vehicles/03-09-54.620252.jpg,static/known_vehicles/03-09-54.620252.jpg,Match,,
ncpass,Other,static/known_vehicles/03-09-54.620253.jpg,static/known_vehicles/03-09-54.620253.jpg,Match,,
ncpass,Other,static/known_vehicles/03-09-54.620254.jpg,static/known_vehicles/03-09-54.620254.jpg,Match,,
ncpass,Other,static/known_vehicles/03-09-54.620255.jpg,static/known_vehicles/03-09-54.620255.jpg,Match,,
ncpass,Other,static/known_vehicles/03-09-54.620256.jpg,static/known_vehicles/03-09-54.620256.jpg,Match,,
ncpass,Other,static/known_vehicles/03-09-54.620257.jpg,static/known_vehicles/03-09-54.620257.jpg,Match,,
ncpass,Other,static/known_vehicles/03-09-54.620258.jpg,static/known_vehicles/03-09-54.620258.jpg,Match,,
ncpass,Other,static/known_vehicles/03-09-54.620259.jpg,static/known_vehicles/03-09-54.620259.jpg,Match,,
ncpass,Other,static/known_vehicles/03-09-54.620260.jpg,static/known_vehicles/03-09-54.620260.jpg,Match,,
ncpass,Other,static/known_vehicles/03-09-54.620261.jpg,static/known_vehicles/03-09-54.620261.jpg,Match,,
ncpass,Other,static/known_vehicles/03-09-54.620262.jpg,static/known_vehicles/03-09-54.620262.jpg,Match,,
ncpass,Other,static/known_vehicles/03-09-54.620263.jpg,static/known_vehicles/03-09-54.620263.jpg,Match,,
ncpass,Other,static/known_vehicles/03-09-54.620264.jpg,static/known_vehicles/03-09-54.620264.jpg,Match,,
ncpass,Other,static/known_vehicles/10-00-32.001522_camera-1_KA51C0582.jpg,(no combined file),Missing in combined,P1,
ncpass,Other,static/known_vehicles/No-Image-Available.jpg,static/known_vehicles/No-Image-Available.jpg,Match,,
ncpass,Other,static/models/face_expression_model-shard1,static/models/face_expression_model-shard1,Match,,
ncpass,Other,static/models/face_expression_model-weights_manifest.json,static/models/face_expression_model-weights_manifest.json,Match,,
ncpass,Other,static/models/face_landmark_68_model-shard1,static/models/face_landmark_68_model-shard1,Match,,
ncpass,Other,static/models/face_landmark_68_model-weights_manifest.json,static/models/face_landmark_68_model-weights_manifest.json,Match,,
ncpass,Other,static/models/face_landmark_68_tiny_model-shard1,static/models/face_landmark_68_tiny_model-shard1,Match,,
ncpass,Other,static/models/face_landmark_68_tiny_model-weights_manifest.json,static/models/face_landmark_68_tiny_model-weights_manifest.json,Match,,
ncpass,Other,static/models/face_recognition_model-shard1,static/models/face_recognition_model-shard1,Match,,
ncpass,Other,static/models/face_recognition_model-shard2,static/models/face_recognition_model-shard2,Match,,
ncpass,Other,static/models/face_recognition_model-weights_manifest.json,static/models/face_recognition_model-weights_manifest.json,Match,,
ncpass,Other,static/models/tiny_face_detector_model-shard1,static/models/tiny_face_detector_model-shard1,Match,,
ncpass,Other,static/models/tiny_face_detector_model-weights_manifest.json,static/models/tiny_face_detector_model-weights_manifest.json,Match,,
ncpass,Other,static/permit_images/96-No Vehicle-2024-02-16 22:53:13.622352-permit-.jpg,static/permit_images/96-No Vehicle-2024-02-16 22:53:13.622352-permit-.jpg,Match,,
ncpass,Other,static/permit_images/96-No Vehicle-2024-02-17 00:02:18.966011-permit-.jpeg,static/permit_images/96-No Vehicle-2024-02-17 00:02:18.966011-permit-.jpeg,Match,,
ncpass,Other,static/permit_images/96-No Vehicle-2024-02-17 10:15:15.917398-permit-.jpg,static/permit_images/96-No Vehicle-2024-02-17 10:15:15.917398-permit-.jpg,Match,,
ncpass,Other,static/permit_images/96-No Vehicle-2024-02-20 21:51:10.133926-permit-.jpg,static/permit_images/96-No Vehicle-2024-02-20 21:51:10.133926-permit-.jpg,Match,,
ncpass,Other,static/permit_images/96-ka02al3752-2024-02-17 17:19:30.980160-permit-.jpeg,static/permit_images/96-ka02al3752-2024-02-17 17:19:30.980160-permit-.jpeg,Match,,
ncpass,Other,static/permit_images/96-ka05nd8105-2024-02-17 17:16:08.752780-permit-.jpg,static/permit_images/96-ka05nd8105-2024-02-17 17:16:08.752780-permit-.jpg,Match,,
ncpass,Template,templates/401.html,templates/sites/ncpass/401.html,Match,,
ncpass,Template,templates/404.html,templates/sites/ncpass/404.html,Match,,
ncpass,Template,templates/500.html,templates/sites/ncpass/500.html,Match,,
ncpass,Template,templates/aadhar_lookup.html,(no combined file),Missing in combined,P1,
ncpass,Template,templates/add_trip.html,templates/sites/ncpass/add_trip.html,Different,P0,
ncpass,Template,templates/blacklist_alert.html,templates/blacklist_alert.html,Different,P0,
ncpass,Template,templates/blacklisted_persons_list.html,templates/blacklisted_persons_list.html,Different,P0,
ncpass,Template,templates/cam.html,(no combined file),Missing in combined,P1,
ncpass,Template,templates/close_trip.html,templates/sites/ncpass/close_trip.html,Match,,
ncpass,Template,templates/components/trip_report_summary.html,templates/components/trip_report_summary.html,Match,,
ncpass,Template,templates/components/trip_report_summary_script.html,templates/components/trip_report_summary_script.html,Match,,
ncpass,Template,templates/components/trip_report_summary_styles.html,templates/components/trip_report_summary_styles.html,Match,,
ncpass,Template,templates/enroll_blacklisted_person.html,templates/enroll_blacklisted_person.html,Match,,
ncpass,Template,templates/faceapi.html,templates/faceapi.html,Different,P0,
ncpass,Template,templates/home.html,templates/home.html,Match,,
ncpass,Template,templates/known_person.html,templates/known_person.html,Different,P0,
ncpass,Template,templates/known_vehicle.html,templates/sites/ncpass/known_vehicle.html,Match,,
ncpass,Template,templates/layout.html,templates/layout.html,Different,P0,
ncpass,Template,templates/login.html,templates/login.html,Different,P0,
ncpass,Template,templates/logout.html,templates/logout.html,Different,P0,
ncpass,Template,templates/manual_face_verification.html,templates/manual_face_verification.html,Match,,
ncpass,Template,templates/manual_face_verification_static.html,templates/manual_face_verification_static.html,Different,P0,
ncpass,Template,templates/ocr-google-api.html,(no combined file),Missing in combined,P1,
ncpass,Template,templates/ocr.html,(no combined file),Missing in combined,P1,
ncpass,Template,templates/person_lookup.html,templates/sites/ncpass/person_lookup.html,Match,,
ncpass,Template,templates/person_lookup_result_list.html,templates/sites/ncpass/person_lookup_result_list.html,Match,,
ncpass,Template,templates/person_report.html,templates/sites/ncpass/person_report.html,Match,,
ncpass,Template,templates/recognize_person.html,templates/recognize_person.html,Match,,
ncpass,Template,templates/recognize_vehicle.html,templates/sites/ncpass/recognize_vehicle.html,Different,P0,
ncpass,Template,templates/report_home.html,templates/sites/ncpass/report_home.html,Match,,
ncpass,Template,templates/reregister_face.html,templates/reregister_face.html,Match,,
ncpass,Template,templates/static-recognize-vehicle.html,templates/static-recognize-vehicle.html,Different,P0,
ncpass,Template,templates/static-recognize.html,templates/static-recognize.html,Different,P0,
ncpass,Template,templates/static_trip_summary.html,templates/sites/ncpass/static_trip_summary.html,Match,,
ncpass,Template,templates/success_page.html,templates/success_page.html,Different,P0,
ncpass,Template,templates/token_error.html,templates/token_error.html,Different,P0,
ncpass,Template,templates/trip_report.html,templates/trip_report.html,Different,P0,
ncpass,Template,templates/trip_summary.html,templates/sites/ncpass/trip_summary.html,Different,P0,
ncpass,Template,templates/unfinished_trips.html,templates/sites/ncpass/unfinished_trips.html,Match,,
ncpass,Template,templates/unknown_person.html,templates/unknown_person.html,Different,P0,
ncpass,Template,templates/unknown_vehicle.html,templates/sites/ncpass/unknown_vehicle.html,Match,,
ncpass,Template,templates/vehicle_report.html,templates/sites/ncpass/vehicle_report.html,Match,,
ncpass,Other,translations/en/LC_MESSAGES/messages.mo,translations/en/LC_MESSAGES/messages.mo,Different,P1,
ncpass,Other,translations/en/LC_MESSAGES/messages.po,translations/en/LC_MESSAGES/messages.po,Different,P1,
ncpass,Other,translations/hi/LC_MESSAGES/messages.mo,translations/hi/LC_MESSAGES/messages.mo,Different,P1,
ncpass,Other,translations/hi/LC_MESSAGES/messages.po,translations/hi/LC_MESSAGES/messages.po,Different,P1,
ganganagar,Python,__init__.py,__init__.py,Different,P0,
ganganagar,Other,babel.cfg,babel.cfg,Match,,
ganganagar,Other,censusparkingsolution-bb6329d2bd0d.json,(no combined file),Missing in combined,P1,
ganganagar,Python,compreface.py,compreface.py,Match,,
ganganagar,Python,customException.py,customException.py,Match,,
ganganagar,Python,errors.py,errors.py,Different,P1,
ganganagar,Python,helpers/aadhar_lookup_helper.py,helpers/aadhar_lookup_helper.py,Different,P0,
ganganagar,Python,helpers/auth_helper.py,helpers/auth_helper.py,Different,P0,
ganganagar,Python,helpers/autocomplete_trips_helper.py,helpers/autocomplete_trips_helper.py,Match,,
ganganagar,Python,helpers/autocomplete_vehicles_helper.py,helpers/autocomplete_vehicles_helper.py,Match,,
ganganagar,Python,helpers/blacklist_alert_helper.py,helpers/blacklist_alert_helper.py,Match,,
ganganagar,Python,helpers/blacklisted_persons_list_helper.py,helpers/blacklisted_persons_list_helper.py,Different,P0,
ganganagar,Python,helpers/enroll_blacklisted_person_helper.py,helpers/enroll_blacklisted_person_helper.py,Different,P0,
ganganagar,Python,helpers/get_unfinished_trips_helper.py,helpers/get_unfinished_trips_helper.py,Match,,
ganganagar,Python,helpers/home_helper.py,helpers/home_helper.py,Match,,
ganganagar,Python,helpers/known_person_helper.py,helpers/known_person_helper.py,Different,P0,
ganganagar,Python,helpers/known_vehicle_helper.py,site_workflows/ganganagar/known_vehicle_helper.py,Different,P0,
ganganagar,Python,helpers/make_trip_summary_helper.py,helpers/make_trip_summary_helper.py,Different,P0,
ganganagar,Python,helpers/manual_face_verification_helper.py,helpers/manual_face_verification_helper.py,Match,,
ganganagar,Python,helpers/ocr_helper.py,(no combined file),Missing in combined,P1,
ganganagar,Python,helpers/person_lookup_helper.py,site_workflows/ganganagar/person_lookup_helper.py,Match,,
ganganagar,Python,helpers/person_report_helper.py,site_workflows/ganganagar/person_report_helper.py,Match,,
ganganagar,Python,helpers/recognize_person_helper.py,helpers/recognize_person_helper.py,Match,,
ganganagar,Python,helpers/recognize_vehicle_helper.py,site_workflows/ganganagar/recognize_vehicle_helper.py,Match,,
ganganagar,Python,helpers/report_home_helper.py,site_workflows/ganganagar/report_home_helper.py,Match,,
ganganagar,Python,helpers/reregister_face_helper.py,helpers/reregister_face_helper.py,Different,P0,
ganganagar,Python,helpers/stop_processing_helper.py,helpers/stop_processing_helper.py,Different,P0,
ganganagar,Python,helpers/trip_registration_helper.py,site_workflows/ganganagar/trip_registration_helper.py,Match,,
ganganagar,Python,helpers/trip_report_helper.py,helpers/trip_report_helper.py,Match,,
ganganagar,Python,helpers/trips_helper.py,helpers/trips_helper.py,Different,P0,
ganganagar,Python,helpers/unknown_person_helper.py,helpers/unknown_person_helper.py,Different,P0,
ganganagar,Python,helpers/unknown_vehicle_helper.py,site_workflows/ganganagar/unknown_vehicle_helper.py,Different,P0,
ganganagar,Python,helpers/vehicle_helper.py,helpers/vehicle_helper.py,Different,P0,
ganganagar,Python,helpers/vehicle_report_helper.py,site_workflows/ganganagar/vehicle_report_helper.py,Match,,
ganganagar,Other,messages.pot,messages.pot,Different,P1,
ganganagar,Python,redisCommands.py,redisCommands.py,Different,P1,
ganganagar,Python,reports_blueprint.py,reports_blueprint.py,Match,,
ganganagar,Python,routeMethods.py,routeMethods.py,Different,P1,
ganganagar,Python,routes.py,routes.py,Different,P1,
ganganagar,Python,sqlCommands.py,sqlCommands.py,Different,P1,
ganganagar,Other,static/aadhars/5cc83815-c01c-4994-8a88-dcfd951899a1.png,static/aadhars/5cc83815-c01c-4994-8a88-dcfd951899a1.png,Match,,
ganganagar,Other,static/aadhars/7a89e89d-f2f9-40e9-942d-89809df73308.png,static/aadhars/7a89e89d-f2f9-40e9-942d-89809df73308.png,Match,,
ganganagar,Other,static/aadhars/94943d58-f09c-415d-9b8c-947f46d7c2b3.png,static/aadhars/94943d58-f09c-415d-9b8c-947f46d7c2b3.png,Match,,
ganganagar,Other,static/aadhars/MM - 123456789012- aadhar - .png,static/aadhars/MM - 123456789012- aadhar - .png,Match,,
ganganagar,Other,static/aadhars/MM TWO - 123456789012- aadhar - .gif,static/aadhars/MM TWO - 123456789012- aadhar - .gif,Match,,
ganganagar,Other,static/aadhars/MM TWO - 777777777777- aadhar - .png,static/aadhars/MM TWO - 777777777777- aadhar - .png,Match,,
ganganagar,Other,static/aadhars/fad624b6-501b-442f-9f3b-7926f985205a.png,static/aadhars/fad624b6-501b-442f-9f3b-7926f985205a.png,Match,,
ganganagar,Other,static/css/OpenSans-Light.ttf,static/css/OpenSans-Light.ttf,Match,,
ganganagar,Other,static/css/arrow.png,static/css/arrow.png,Match,,
ganganagar,Other,static/css/bootstrap.css.map,static/css/bootstrap.css.map,Match,,
ganganagar,Static,static/css/bootstrap.min.css,static/css/bootstrap.min.css,Match,,
ganganagar,Static,static/css/bootstrap.min.js,static/css/bootstrap.min.js,Match,,
ganganagar,Static,static/css/buttons.dataTables.min.css,static/css/buttons.dataTables.min.css,Match,,
ganganagar,Static,static/css/dataTables.bootstrap.css,static/css/dataTables.bootstrap.css,Match,,
ganganagar,Static,static/css/daterangepicker.css,static/css/daterangepicker.css,Match,,
ganganagar,Static,static/css/font-awesome.min.css,static/css/font-awesome.min.css,Match,,
ganganagar,Static,static/css/jquery-ui.css,static/css/jquery-ui.css,Match,,
ganganagar,Static,static/css/media.css,static/css/media.css,Match,,
ganganagar,Static,static/css/style.css,static/css/style.css,Different,P1,
ganganagar,Other,static/drivers_licenses/MM - 123456789012- drivers_license - .png,static/drivers_licenses/MM - 123456789012- drivers_license - .png,Match,,
ganganagar,Other,static/images/FontAwesome.otf,static/images/FontAwesome.otf,Match,,
ganganagar,Other,static/images/OpenSans-Light.ttf,static/images/OpenSans-Light.ttf,Match,,
ganganagar,Other,static/images/amogh-ganganagar-logo.png,static/images/amogh-ganganagar-logo.png,Match,,
ganganagar,Other,static/images/arrow.png,static/images/arrow.png,Match,,
ganganagar,Other,static/images/camera-2_screenshots/22-12-08/02-39-02.055239.jpg,static/images/camera-2_screenshots/22-12-08/02-39-02.055239.jpg,Match,,
ganganagar,Other,static/images/camera-2_screenshots/22-12-08/02-49-36.137264.jpg,static/images/camera-2_screenshots/22-12-08/02-49-36.137264.jpg,Match,,
ganganagar,Other,static/images/camera-2_screenshots/22-12-08/02-50-03.649407.jpg,static/images/camera-2_screenshots/22-12-08/02-50-03.649407.jpg,Match,,
ganganagar,Other,static/images/camera-2_screenshots/22-12-08/02-53-44.904557.jpg,static/images/camera-2_screenshots/22-12-08/02-53-44.904557.jpg,Match,,
ganganagar,Other,static/images/camera-2_screenshots/22-12-08/02-53-53.219719.jpg,static/images/camera-2_screenshots/22-12-08/02-53-53.219719.jpg,Match,,
ganganagar,Other,static/images/camera-2_screenshots/22-12-08/02-59-03.498623.jpg,static/images/camera-2_screenshots/22-12-08/02-59-03.498623.jpg,Match,,
ganganagar,Other,static/images/camera-2_screenshots/22-12-08/03-06-23.045932.jpg,static/images/camera-2_screenshots/22-12-08/03-06-23.045932.jpg,Match,,
ganganagar,Other,static/images/camera-2_screenshots/22-12-08/03-06-24.724405.jpg,static/images/camera-2_screenshots/22-12-08/03-06-24.724405.jpg,Match,,
ganganagar,Other,static/images/camera-2_screenshots/22-12-08/03-09-54.620228.jpg,static/images/camera-2_screenshots/22-12-08/03-09-54.620228.jpg,Match,,
ganganagar,Other,static/images/camera-2_screenshots/22-12-08/03-09-54.620229.jpg,static/images/camera-2_screenshots/22-12-08/03-09-54.620229.jpg,Match,,
ganganagar,Other,static/images/camera-2_screenshots/22-12-08/03-09-54.620230.jpg,static/images/camera-2_screenshots/22-12-08/03-09-54.620230.jpg,Match,,
ganganagar,Other,static/images/camera-2_screenshots/22-12-08/03-09-54.620231.jpg,static/images/camera-2_screenshots/22-12-08/03-09-54.620231.jpg,Match,,
ganganagar,Other,static/images/camera-2_screenshots/22-12-08/03-09-54.620232.jpg,static/images/camera-2_screenshots/22-12-08/03-09-54.620232.jpg,Match,,
ganganagar,Other,static/images/camera-2_screenshots/22-12-08/03-09-54.620233.jpg,static/images/camera-2_screenshots/22-12-08/03-09-54.620233.jpg,Match,,
ganganagar,Other,static/images/camera-2_screenshots/22-12-08/03-09-54.620234.jpg,static/images/camera-2_screenshots/22-12-08/03-09-54.620234.jpg,Match,,
ganganagar,Other,static/images/camera-2_screenshots/22-12-08/03-09-54.620235.jpg,static/images/camera-2_screenshots/22-12-08/03-09-54.620235.jpg,Match,,
ganganagar,Other,static/images/camera-2_screenshots/22-12-08/03-09-54.620236.jpg,static/images/camera-2_screenshots/22-12-08/03-09-54.620236.jpg,Match,,
ganganagar,Other,static/images/camera-2_screenshots/22-12-08/03-09-54.620237.jpg,static/images/camera-2_screenshots/22-12-08/03-09-54.620237.jpg,Match,,
ganganagar,Other,static/images/camera-2_screenshots/22-12-08/03-09-54.620238.jpg,static/images/camera-2_screenshots/22-12-08/03-09-54.620238.jpg,Match,,
ganganagar,Other,static/images/camera-2_screenshots/22-12-08/03-09-54.620239.jpg,static/images/camera-2_screenshots/22-12-08/03-09-54.620239.jpg,Match,,
ganganagar,Other,static/images/camera-2_screenshots/22-12-08/03-09-54.620240.jpg,static/images/camera-2_screenshots/22-12-08/03-09-54.620240.jpg,Match,,
ganganagar,Other,static/images/camera-2_screenshots/22-12-08/03-09-54.620241.jpg,static/images/camera-2_screenshots/22-12-08/03-09-54.620241.jpg,Match,,
ganganagar,Other,static/images/camera-2_screenshots/22-12-08/03-09-54.620242.jpg,static/images/camera-2_screenshots/22-12-08/03-09-54.620242.jpg,Match,,
ganganagar,Other,static/images/camera-2_screenshots/22-12-08/03-09-54.620243.jpg,static/images/camera-2_screenshots/22-12-08/03-09-54.620243.jpg,Match,,
ganganagar,Other,static/images/camera-2_screenshots/22-12-08/03-09-54.620244.jpg,static/images/camera-2_screenshots/22-12-08/03-09-54.620244.jpg,Match,,
ganganagar,Other,static/images/camera-2_screenshots/22-12-08/03-09-54.620245.jpg,static/images/camera-2_screenshots/22-12-08/03-09-54.620245.jpg,Match,,
ganganagar,Other,static/images/camera-2_screenshots/22-12-08/03-09-54.620246.jpg,static/images/camera-2_screenshots/22-12-08/03-09-54.620246.jpg,Match,,
ganganagar,Other,static/images/camera-2_screenshots/22-12-08/03-09-54.620247.jpg,static/images/camera-2_screenshots/22-12-08/03-09-54.620247.jpg,Match,,
ganganagar,Other,static/images/camera-2_screenshots/22-12-08/03-09-54.620248.jpg,static/images/camera-2_screenshots/22-12-08/03-09-54.620248.jpg,Match,,
ganganagar,Other,static/images/camera-2_screenshots/22-12-08/03-09-54.620249.jpg,static/images/camera-2_screenshots/22-12-08/03-09-54.620249.jpg,Match,,
ganganagar,Other,static/images/camera-2_screenshots/22-12-08/03-09-54.620250.jpg,static/images/camera-2_screenshots/22-12-08/03-09-54.620250.jpg,Match,,
ganganagar,Other,static/images/camera-2_screenshots/22-12-08/03-09-54.620251.jpg,static/images/camera-2_screenshots/22-12-08/03-09-54.620251.jpg,Match,,
ganganagar,Other,static/images/camera-2_screenshots/22-12-08/03-09-54.620252.jpg,static/images/camera-2_screenshots/22-12-08/03-09-54.620252.jpg,Match,,
ganganagar,Other,static/images/camera-2_screenshots/22-12-08/03-09-54.620253.jpg,static/images/camera-2_screenshots/22-12-08/03-09-54.620253.jpg,Match,,
ganganagar,Other,static/images/camera-2_screenshots/22-12-08/03-09-54.620254.jpg,static/images/camera-2_screenshots/22-12-08/03-09-54.620254.jpg,Match,,
ganganagar,Other,static/images/camera-2_screenshots/22-12-08/03-09-54.620255.jpg,static/images/camera-2_screenshots/22-12-08/03-09-54.620255.jpg,Match,,
ganganagar,Other,static/images/camera-2_screenshots/22-12-08/03-09-54.620256.jpg,static/images/camera-2_screenshots/22-12-08/03-09-54.620256.jpg,Match,,
ganganagar,Other,static/images/camera-2_screenshots/22-12-08/03-09-54.620257.jpg,static/images/camera-2_screenshots/22-12-08/03-09-54.620257.jpg,Match,,
ganganagar,Other,static/images/camera-2_screenshots/22-12-08/03-09-54.620258.jpg,static/images/camera-2_screenshots/22-12-08/03-09-54.620258.jpg,Match,,
ganganagar,Other,static/images/camera-2_screenshots/22-12-08/03-09-54.620259.jpg,static/images/camera-2_screenshots/22-12-08/03-09-54.620259.jpg,Match,,
ganganagar,Other,static/images/camera-2_screenshots/22-12-08/03-09-54.620260.jpg,static/images/camera-2_screenshots/22-12-08/03-09-54.620260.jpg,Match,,
ganganagar,Other,static/images/camera-2_screenshots/22-12-08/03-09-54.620261.jpg,static/images/camera-2_screenshots/22-12-08/03-09-54.620261.jpg,Match,,
ganganagar,Other,static/images/camera-2_screenshots/22-12-08/03-09-54.620262.jpg,static/images/camera-2_screenshots/22-12-08/03-09-54.620262.jpg,Match,,
ganganagar,Other,static/images/camera-2_screenshots/22-12-08/03-09-54.620263.jpg,static/images/camera-2_screenshots/22-12-08/03-09-54.620263.jpg,Match,,
ganganagar,Other,static/images/camera-2_screenshots/22-12-08/03-09-54.620264.jpg,static/images/camera-2_screenshots/22-12-08/03-09-54.620264.jpg,Match,,
ganganagar,Other,static/images/camera-2_screenshots/22-12-08/03-09-54.620265.jpg,static/images/camera-2_screenshots/22-12-08/03-09-54.620265.jpg,Match,,
ganganagar,Other,static/images/census-logo.png,static/images/census-logo.png,Match,,
ganganagar,Other,static/images/check.png,static/images/check.png,Match,,
ganganagar,Other,static/images/cross.png,static/images/cross.png,Match,,
ganganagar,Other,static/images/favicon-32x32.png,static/images/favicon-32x32.png,Match,,
ganganagar,Other,static/images/fontawesome-webfont.eot,static/images/fontawesome-webfont.eot,Match,,
ganganagar,Other,static/images/fontawesome-webfont.svg,static/images/fontawesome-webfont.svg,Match,,
ganganagar,Other,static/images/fontawesome-webfont.ttf,static/images/fontawesome-webfont.ttf,Match,,
ganganagar,Other,static/images/fontawesome-webfont.woff,static/images/fontawesome-webfont.woff,Match,,
ganganagar,Other,static/images/fontawesome-webfont.woff2,static/images/fontawesome-webfont.woff2,Match,,
ganganagar,Other,static/images/placeholder.png,static/images/placeholder.png,Match,,
ganganagar,Other,static/images/question-1.gif,static/images/question-1.gif,Match,,
ganganagar,Other,static/images/question.gif,static/images/question.gif,Match,,
ganganagar,Other,static/images/question.png,static/images/question.png,Match,,
ganganagar,Other,static/images/uploads/upload_2024-07-17-02-28-17.600491.png,(no combined file),Missing in combined,P1,
ganganagar,Other,static/images/uploads/upload_2024-07-18-01-03-06.191075.png,(no combined file),Missing in combined,P1,
ganganagar,Other,static/images/uploads/upload_2026-08-12-12-15-07.615284.png,(no combined file),Missing in combined,P1,
ganganagar,Other,static/images/uploads/upload_2026-08-12-12-15-45.048460.png,(no combined file),Missing in combined,P1,
ganganagar,Other,static/images/uploads/upload_2026-08-12-12-20-12.150839.png,(no combined file),Missing in combined,P1,
ganganagar,Other,static/images/uploads/upload_2026-08-12-12-24-13.047453.png,(no combined file),Missing in combined,P1,
ganganagar,Static,static/js/additional-methods.min.js,static/js/additional-methods.min.js,Match,,
ganganagar,Static,static/js/additional-validation-methods.js,static/js/additional-validation-methods.js,Match,,
ganganagar,Static,static/js/autocomplete.js,static/js/autocomplete.js,Match,,
ganganagar,Static,static/js/bootstrap-colorpicker.min.js,static/js/bootstrap-colorpicker.min.js,Match,,
ganganagar,Static,static/js/bootstrap-datepicker.js,static/js/bootstrap-datepicker.js,Match,,
ganganagar,Static,static/js/bootstrap-datetimepicker.js,static/js/bootstrap-datetimepicker.js,Match,,
ganganagar,Static,static/js/bootstrap-tagsinput.js,static/js/bootstrap-tagsinput.js,Match,,
ganganagar,Static,static/js/bootstrap.min.js,static/js/bootstrap.min.js,Match,,
ganganagar,Other,static/js/bootstrap.min.js.download,static/js/bootstrap.min.js.download,Match,,
ganganagar,Static,static/js/buttons.html5.min.js,static/js/buttons.html5.min.js,Match,,
ganganagar,Static,static/js/buttons.print.min.js,static/js/buttons.print.min.js,Match,,
ganganagar,Static,static/js/clockpicker.js,static/js/clockpicker.js,Match,,
ganganagar,Static,static/js/cropper.min.js,static/js/cropper.min.js,Match,,
ganganagar,Static,static/js/dataTables.buttons.min.js,static/js/dataTables.buttons.min.js,Match,,
ganganagar,Static,static/js/dataTables.editor.min.js,static/js/dataTables.editor.min.js,Match,,
ganganagar,Static,static/js/datatables.min.js,static/js/datatables.min.js,Match,,
ganganagar,Other,static/js/datatables.min.js.download,static/js/datatables.min.js.download,Match,,
ganganagar,Static,static/js/daterangepicker.js,static/js/daterangepicker.js,Match,,
ganganagar,Static,static/js/face-api.js,static/js/face-api.js,Match,,
ganganagar,Static,static/js/face-api.min.js,static/js/face-api.min.js,Match,,
ganganagar,Static,static/js/faceapi-script.js,static/js/faceapi-script.js,Match,,
ganganagar,Static,static/js/highcharts.js,static/js/highcharts.js,Match,,
ganganagar,Static,static/js/html5shiv.min.js,static/js/html5shiv.min.js,Match,,
ganganagar,Static,static/js/icheck.min.js,static/js/icheck.min.js,Match,,
ganganagar,Static,static/js/jQuery-2.1.4.min.js,static/js/jQuery-2.1.4.min.js,Match,,
ganganagar,Other,static/js/jquery-3.1.1.min.js.download,static/js/jquery-3.1.1.min.js.download,Match,,
ganganagar,Static,static/js/jquery-ui.js,static/js/jquery-ui.js,Match,,
ganganagar,Static,static/js/jquery.blueimp-gallery.min.js,static/js/jquery.blueimp-gallery.min.js,Match,,
ganganagar,Static,static/js/jquery.dataTables.min.js,static/js/jquery.dataTables.min.js,Match,,
ganganagar,Static,static/js/jquery.min.js,static/js/jquery.min.js,Match,,
ganganagar,Static,static/js/jquery.nicescroll.min.js,static/js/jquery.nicescroll.min.js,Match,,
ganganagar,Static,static/js/jquery.popupoverlay.js,static/js/jquery.popupoverlay.js,Match,,
ganganagar,Static,static/js/jquery.steps.min.js,static/js/jquery.steps.min.js,Match,,
ganganagar,Static,static/js/jquery.validate.min.js,static/js/jquery.validate.min.js,Match,,
ganganagar,Static,static/js/jszip.min.js,static/js/jszip.min.js,Match,,
ganganagar,Static,static/js/lightboxgallery-min.js,static/js/lightboxgallery-min.js,Match,,
ganganagar,Static,static/js/lightboxgallery.js,static/js/lightboxgallery.js,Match,,
ganganagar,Static,static/js/moment.min.js,static/js/moment.min.js,Match,,
ganganagar,Static,static/js/pdfmake.min.js,static/js/pdfmake.min.js,Match,,
ganganagar,Static,static/js/select2.full.min.js,static/js/select2.full.min.js,Match,,
ganganagar,Static,static/js/sweetalert2.all.min.js,static/js/sweetalert2.all.min.js,Match,,
ganganagar,Static,static/js/switchery.js,static/js/switchery.js,Match,,
ganganagar,Static,static/js/tesseract.min.js,(no combined file),Missing in combined,P1,
ganganagar,Static,static/js/time_counter.js,static/js/time_counter.js,Match,,
ganganagar,Static,static/js/tooltipster.bundle.min.js,static/js/tooltipster.bundle.min.js,Match,,
ganganagar,Static,static/js/vanilla-datetimerange-picker.js,static/js/vanilla-datetimerange-picker.js,Match,,
ganganagar,Static,static/js/vfs_fonts.js,static/js/vfs_fonts.js,Match,,
ganganagar,Other,static/known_persons/082c9844-02ae-4cae-9b1a-4c3dbccbdd64.png,(no combined file),Missing in combined,P1,
ganganagar,Other,static/known_persons/0e248046-1fe1-431c-83f2-794ae2fb4023.png,(no combined file),Missing in combined,P1,
ganganagar,Other,static/known_persons/2071d91c-0c54-47c6-97f9-b2ac482e4c82.png,(no combined file),Missing in combined,P1,
ganganagar,Other,static/known_persons/41669d5a-83c9-42d8-a2e2-8a41f82ec3cc.png,static/known_persons/41669d5a-83c9-42d8-a2e2-8a41f82ec3cc.png,Different,P1,
ganganagar,Other,static/known_persons/463ead8d-27f0-4c41-a8be-ce4ec39d73ff.png,(no combined file),Missing in combined,P1,
ganganagar,Other,static/known_persons/76f39afc-4ba2-4d2a-b641-c609df05eb4d.png,(no combined file),Missing in combined,P1,
ganganagar,Other,static/known_persons/7a040f42-c05c-4564-9029-c4e56491f687.png,(no combined file),Missing in combined,P1,
ganganagar,Other,static/known_persons/7a1068ea-73a0-494d-96f1-2c210e2f1c27.png,(no combined file),Missing in combined,P1,
ganganagar,Other,static/known_persons/9beb0cab-b537-444f-9d2d-e70916e5ef0c.png,(no combined file),Missing in combined,P1,
ganganagar,Other,static/known_persons/ManishM.png,(no combined file),Missing in combined,P1,
ganganagar,Other,static/known_persons/abb8ce31-2be6-4475-8751-b8bc10955d88.png,(no combined file),Missing in combined,P1,
ganganagar,Other,static/known_persons/bb3c19ce-911b-4709-8bcb-e498ec9bbdbd.png,(no combined file),Missing in combined,P1,
ganganagar,Other,static/known_persons/df1c4879-f245-4199-babc-a89360cc53e7.png,(no combined file),Missing in combined,P1,
ganganagar,Other,static/known_persons/e23ebf93-f92f-4142-9deb-a23f4a81baff.png,(no combined file),Missing in combined,P1,
ganganagar,Other,static/known_persons/f9556539-c085-451d-aaf1-f0e481f97d44.png,(no combined file),Missing in combined,P1,
ganganagar,Other,static/known_vehicles/03-09-54.620228.jpg,static/known_vehicles/03-09-54.620228.jpg,Match,,
ganganagar,Other,static/known_vehicles/03-09-54.620229.jpg,static/known_vehicles/03-09-54.620229.jpg,Match,,
ganganagar,Other,static/known_vehicles/03-09-54.620230.jpg,static/known_vehicles/03-09-54.620230.jpg,Match,,
ganganagar,Other,static/known_vehicles/03-09-54.620231.jpg,static/known_vehicles/03-09-54.620231.jpg,Match,,
ganganagar,Other,static/known_vehicles/03-09-54.620232.jpg,static/known_vehicles/03-09-54.620232.jpg,Match,,
ganganagar,Other,static/known_vehicles/03-09-54.620233.jpg,static/known_vehicles/03-09-54.620233.jpg,Match,,
ganganagar,Other,static/known_vehicles/03-09-54.620234.jpg,static/known_vehicles/03-09-54.620234.jpg,Match,,
ganganagar,Other,static/known_vehicles/03-09-54.620245.jpg,static/known_vehicles/03-09-54.620245.jpg,Match,,
ganganagar,Other,static/known_vehicles/03-09-54.620246.jpg,static/known_vehicles/03-09-54.620246.jpg,Match,,
ganganagar,Other,static/known_vehicles/03-09-54.620247.jpg,static/known_vehicles/03-09-54.620247.jpg,Match,,
ganganagar,Other,static/known_vehicles/03-09-54.620248.jpg,static/known_vehicles/03-09-54.620248.jpg,Match,,
ganganagar,Other,static/known_vehicles/03-09-54.620249.jpg,static/known_vehicles/03-09-54.620249.jpg,Match,,
ganganagar,Other,static/known_vehicles/03-09-54.620250.jpg,static/known_vehicles/03-09-54.620250.jpg,Match,,
ganganagar,Other,static/known_vehicles/03-09-54.620251.jpg,static/known_vehicles/03-09-54.620251.jpg,Match,,
ganganagar,Other,static/known_vehicles/03-09-54.620252.jpg,static/known_vehicles/03-09-54.620252.jpg,Match,,
ganganagar,Other,static/known_vehicles/03-09-54.620253.jpg,static/known_vehicles/03-09-54.620253.jpg,Match,,
ganganagar,Other,static/known_vehicles/03-09-54.620254.jpg,static/known_vehicles/03-09-54.620254.jpg,Match,,
ganganagar,Other,static/known_vehicles/03-09-54.620255.jpg,static/known_vehicles/03-09-54.620255.jpg,Match,,
ganganagar,Other,static/known_vehicles/03-09-54.620256.jpg,static/known_vehicles/03-09-54.620256.jpg,Match,,
ganganagar,Other,static/known_vehicles/03-09-54.620257.jpg,static/known_vehicles/03-09-54.620257.jpg,Match,,
ganganagar,Other,static/known_vehicles/03-09-54.620258.jpg,static/known_vehicles/03-09-54.620258.jpg,Match,,
ganganagar,Other,static/known_vehicles/03-09-54.620259.jpg,static/known_vehicles/03-09-54.620259.jpg,Match,,
ganganagar,Other,static/known_vehicles/03-09-54.620260.jpg,static/known_vehicles/03-09-54.620260.jpg,Match,,
ganganagar,Other,static/known_vehicles/03-09-54.620261.jpg,static/known_vehicles/03-09-54.620261.jpg,Match,,
ganganagar,Other,static/known_vehicles/03-09-54.620262.jpg,static/known_vehicles/03-09-54.620262.jpg,Match,,
ganganagar,Other,static/known_vehicles/03-09-54.620263.jpg,static/known_vehicles/03-09-54.620263.jpg,Match,,
ganganagar,Other,static/known_vehicles/03-09-54.620264.jpg,static/known_vehicles/03-09-54.620264.jpg,Match,,
ganganagar,Other,static/known_vehicles/17-56-35.371388_camera-1_KA51AF1973.jpg,(no combined file),Missing in combined,P1,
ganganagar,Other,static/known_vehicles/No-Image-Available.jpg,static/known_vehicles/No-Image-Available.jpg,Match,,
ganganagar,Other,static/models/face_expression_model-shard1,static/models/face_expression_model-shard1,Match,,
ganganagar,Other,static/models/face_expression_model-weights_manifest.json,static/models/face_expression_model-weights_manifest.json,Match,,
ganganagar,Other,static/models/face_landmark_68_model-shard1,static/models/face_landmark_68_model-shard1,Match,,
ganganagar,Other,static/models/face_landmark_68_model-weights_manifest.json,static/models/face_landmark_68_model-weights_manifest.json,Match,,
ganganagar,Other,static/models/face_landmark_68_tiny_model-shard1,static/models/face_landmark_68_tiny_model-shard1,Match,,
ganganagar,Other,static/models/face_landmark_68_tiny_model-weights_manifest.json,static/models/face_landmark_68_tiny_model-weights_manifest.json,Match,,
ganganagar,Other,static/models/face_recognition_model-shard1,static/models/face_recognition_model-shard1,Match,,
ganganagar,Other,static/models/face_recognition_model-shard2,static/models/face_recognition_model-shard2,Match,,
ganganagar,Other,static/models/face_recognition_model-weights_manifest.json,static/models/face_recognition_model-weights_manifest.json,Match,,
ganganagar,Other,static/models/tiny_face_detector_model-shard1,static/models/tiny_face_detector_model-shard1,Match,,
ganganagar,Other,static/models/tiny_face_detector_model-weights_manifest.json,static/models/tiny_face_detector_model-weights_manifest.json,Match,,
ganganagar,Other,static/permit_images/107-No Vehicle-2024-02-17 16:46:35.831125-permit-.png,static/permit_images/107-No Vehicle-2024-02-17 16:46:35.831125-permit-.png,Match,,
ganganagar,Other,static/permit_images/85-No Vehicle-2024-01-28 20:25:38.422647-permit-.png,static/permit_images/85-No Vehicle-2024-01-28 20:25:38.422647-permit-.png,Match,,
ganganagar,Other,static/permit_images/85-No Vehicle-2024-01-29 13:54:09.418325-permit-.png,static/permit_images/85-No Vehicle-2024-01-29 13:54:09.418325-permit-.png,Match,,
ganganagar,Other,static/permit_images/85-No Vehicle-2024-01-30 13:14:37.170848-permit-.png,static/permit_images/85-No Vehicle-2024-01-30 13:14:37.170848-permit-.png,Match,,
ganganagar,Other,static/permit_images/85-ka03af4813-2024-01-29 11:38:59.285451-permit-.png,static/permit_images/85-ka03af4813-2024-01-29 11:38:59.285451-permit-.png,Match,,
ganganagar,Other,static/permit_images/85-qwe-2024-02-20 20:15:17.723162-permit-.png,static/permit_images/85-qwe-2024-02-20 20:15:17.723162-permit-.png,Match,,
ganganagar,Other,static/permit_images/86-No Vehicle-2024-01-28 16:31:00.105132-permit-.png,static/permit_images/86-No Vehicle-2024-01-28 16:31:00.105132-permit-.png,Match,,
ganganagar,Other,static/permit_images/86-No Vehicle-2024-02-17 10:40:42.830908-permit-.png,static/permit_images/86-No Vehicle-2024-02-17 10:40:42.830908-permit-.png,Match,,
ganganagar,Other,static/permit_images/91-ka507902-2024-01-27 12:01:28.302803-permit-.png,static/permit_images/91-ka507902-2024-01-27 12:01:28.302803-permit-.png,Match,,
ganganagar,Other,static/permit_images/96-No Vehicle-2024-02-16 22:53:13.622352-permit-.jpg,static/permit_images/96-No Vehicle-2024-02-16 22:53:13.622352-permit-.jpg,Match,,
ganganagar,Other,static/permit_images/96-No Vehicle-2024-02-17 00:02:18.966011-permit-.jpeg,static/permit_images/96-No Vehicle-2024-02-17 00:02:18.966011-permit-.jpeg,Match,,
ganganagar,Other,static/permit_images/96-No Vehicle-2024-02-17 10:15:15.917398-permit-.jpg,static/permit_images/96-No Vehicle-2024-02-17 10:15:15.917398-permit-.jpg,Match,,
ganganagar,Other,static/permit_images/96-No Vehicle-2024-02-17 17:21:34.631879-permit-.png,static/permit_images/96-No Vehicle-2024-02-17 17:21:34.631879-permit-.png,Match,,
ganganagar,Other,static/permit_images/96-No Vehicle-2024-02-20 21:51:10.133926-permit-.jpg,static/permit_images/96-No Vehicle-2024-02-20 21:51:10.133926-permit-.jpg,Match,,
ganganagar,Other,static/permit_images/96-ka02al3752-2024-02-17 17:19:30.980160-permit-.jpeg,static/permit_images/96-ka02al3752-2024-02-17 17:19:30.980160-permit-.jpeg,Match,,
ganganagar,Other,static/permit_images/96-ka05nd8105-2024-02-17 17:16:08.752780-permit-.jpg,static/permit_images/96-ka05nd8105-2024-02-17 17:16:08.752780-permit-.jpg,Match,,
ganganagar,Template,templates/401.html,templates/sites/ganganagar/401.html,Match,,
ganganagar,Template,templates/404.html,templates/sites/ganganagar/404.html,Match,,
ganganagar,Template,templates/500.html,templates/sites/ganganagar/500.html,Match,,
ganganagar,Template,templates/aadhar_lookup.html,(no combined file),Missing in combined,P1,
ganganagar,Template,templates/add_trip.html,templates/sites/ganganagar/add_trip.html,Different,P0,
ganganagar,Template,templates/blacklist_alert.html,templates/blacklist_alert.html,Match,,
ganganagar,Template,templates/blacklisted_persons_list.html,templates/blacklisted_persons_list.html,Different,P0,
ganganagar,Template,templates/cam.html,(no combined file),Missing in combined,P1,
ganganagar,Template,templates/close_trip.html,templates/sites/ganganagar/close_trip.html,Match,,
ganganagar,Template,templates/components/trip_report_summary.html,templates/components/trip_report_summary.html,Match,,
ganganagar,Template,templates/components/trip_report_summary_script.html,templates/components/trip_report_summary_script.html,Match,,
ganganagar,Template,templates/components/trip_report_summary_styles.html,templates/components/trip_report_summary_styles.html,Match,,
ganganagar,Template,templates/enroll_blacklisted_person.html,templates/enroll_blacklisted_person.html,Match,,
ganganagar,Template,templates/faceapi.html,templates/faceapi.html,Different,P0,
ganganagar,Template,templates/home.html,templates/home.html,Match,,
ganganagar,Template,templates/known_person.html,templates/known_person.html,Different,P0,
ganganagar,Template,templates/known_vehicle.html,templates/sites/ganganagar/known_vehicle.html,Match,,
ganganagar,Template,templates/layout.html,templates/layout.html,Different,P0,
ganganagar,Template,templates/login.html,templates/login.html,Different,P0,
ganganagar,Template,templates/logout.html,templates/logout.html,Different,P0,
ganganagar,Template,templates/manual_face_verification.html,templates/manual_face_verification.html,Match,,
ganganagar,Template,templates/manual_face_verification_static.html,templates/manual_face_verification_static.html,Different,P0,
ganganagar,Template,templates/ocr-google-api.html,(no combined file),Missing in combined,P1,
ganganagar,Template,templates/ocr.html,(no combined file),Missing in combined,P1,
ganganagar,Template,templates/person_lookup.html,templates/sites/ganganagar/person_lookup.html,Match,,
ganganagar,Template,templates/person_lookup_result_list.html,templates/sites/ganganagar/person_lookup_result_list.html,Match,,
ganganagar,Template,templates/person_report.html,templates/sites/ganganagar/person_report.html,Match,,
ganganagar,Template,templates/recognize_person.html,templates/recognize_person.html,Match,,
ganganagar,Template,templates/recognize_trip.html,(no combined file),Missing in combined,P1,
ganganagar,Template,templates/recognize_vehicle.html,templates/sites/ganganagar/recognize_vehicle.html,Different,P0,
ganganagar,Template,templates/report_home.html,templates/sites/ganganagar/report_home.html,Match,,
ganganagar,Template,templates/reregister_face.html,templates/reregister_face.html,Match,,
ganganagar,Template,templates/static-recognize-vehicle.html,templates/static-recognize-vehicle.html,Different,P0,
ganganagar,Template,templates/static-recognize.html,templates/static-recognize.html,Different,P0,
ganganagar,Template,templates/static_trip_summary.html,templates/sites/ganganagar/static_trip_summary.html,Match,,
ganganagar,Template,templates/success_page.html,templates/success_page.html,Different,P0,
ganganagar,Template,templates/token_error.html,templates/token_error.html,Different,P0,
ganganagar,Template,templates/trip_report.html,templates/trip_report.html,Different,P0,
ganganagar,Template,templates/trip_summary.html,templates/sites/ganganagar/trip_summary.html,Different,P0,
ganganagar,Template,templates/unfinished_trips.html,templates/sites/ganganagar/unfinished_trips.html,Match,,
ganganagar,Template,templates/unknown_person.html,templates/unknown_person.html,Different,P0,
ganganagar,Template,templates/unknown_vehicle.html,templates/sites/ganganagar/unknown_vehicle.html,Match,,
ganganagar,Template,templates/vehicle_report.html,templates/sites/ganganagar/vehicle_report.html,Match,,
ganganagar,Other,translations/en/LC_MESSAGES/messages.mo,translations/en/LC_MESSAGES/messages.mo,Different,P1,
ganganagar,Other,translations/en/LC_MESSAGES/messages.po,translations/en/LC_MESSAGES/messages.po,Different,P1,
ganganagar,Other,translations/hi/LC_MESSAGES/messages.mo,translations/hi/LC_MESSAGES/messages.mo,Different,P1,
ganganagar,Other,translations/hi/LC_MESSAGES/messages.po,translations/hi/LC_MESSAGES/messages.po,Different,P1,
tangdhar,Python,__init__.py,__init__.py,Different,P0,
tangdhar,Other,babel.cfg,babel.cfg,Match,,
tangdhar,Other,censusparkingsolution-bb6329d2bd0d.json,(no combined file),Missing in combined,P1,
tangdhar,Python,compreface.py,compreface.py,Match,,
tangdhar,Python,customException.py,customException.py,Match,,
tangdhar,Python,errors.py,errors.py,Match,,
tangdhar,Python,helpers/aadhar_lookup_helper.py,helpers/aadhar_lookup_helper.py,Different,P0,
tangdhar,Python,helpers/auth_helper.py,helpers/auth_helper.py,Different,P0,
tangdhar,Python,helpers/autocomplete_trips_helper.py,helpers/autocomplete_trips_helper.py,Match,,
tangdhar,Python,helpers/autocomplete_vehicles_helper.py,helpers/autocomplete_vehicles_helper.py,Match,,
tangdhar,Python,helpers/blacklist_alert_helper.py,helpers/blacklist_alert_helper.py,Match,,
tangdhar,Python,helpers/blacklisted_persons_list_helper.py,helpers/blacklisted_persons_list_helper.py,Different,P0,
tangdhar,Python,helpers/enroll_blacklisted_person_helper.py,helpers/enroll_blacklisted_person_helper.py,Different,P0,
tangdhar,Python,helpers/get_unfinished_trips_helper.py,helpers/get_unfinished_trips_helper.py,Match,,
tangdhar,Python,helpers/home_helper.py,helpers/home_helper.py,Match,,
tangdhar,Python,helpers/known_person_helper.py,helpers/known_person_helper.py,Different,P0,
tangdhar,Python,helpers/known_vehicle_helper.py,site_workflows/tangdhar/known_vehicle_helper.py,Different,P0,
tangdhar,Python,helpers/make_trip_summary_helper.py,helpers/make_trip_summary_helper.py,Different,P0,
tangdhar,Python,helpers/manual_face_verification_helper.py,helpers/manual_face_verification_helper.py,Match,,
tangdhar,Python,helpers/ocr_helper.py,(no combined file),Missing in combined,P1,
tangdhar,Python,helpers/person_lookup_helper.py,site_workflows/tangdhar/person_lookup_helper.py,Match,,
tangdhar,Python,helpers/person_report_helper.py,site_workflows/tangdhar/person_report_helper.py,Match,,
tangdhar,Python,helpers/recognize_person_helper.py,helpers/recognize_person_helper.py,Match,,
tangdhar,Python,helpers/recognize_vehicle_helper.py,site_workflows/tangdhar/recognize_vehicle_helper.py,Match,,
tangdhar,Python,helpers/report_home_helper.py,site_workflows/tangdhar/report_home_helper.py,Match,,
tangdhar,Python,helpers/reregister_face_helper.py,helpers/reregister_face_helper.py,Different,P0,
tangdhar,Python,helpers/stop_processing_helper.py,helpers/stop_processing_helper.py,Match,,
tangdhar,Python,helpers/trip_registration_helper.py,site_workflows/tangdhar/trip_registration_helper.py,Match,,
tangdhar,Python,helpers/trip_report_helper.py,helpers/trip_report_helper.py,Match,,
tangdhar,Python,helpers/trips_helper.py,helpers/trips_helper.py,Match,,
tangdhar,Python,helpers/unknown_person_helper.py,helpers/unknown_person_helper.py,Different,P0,
tangdhar,Python,helpers/unknown_vehicle_helper.py,site_workflows/tangdhar/unknown_vehicle_helper.py,Different,P0,
tangdhar,Python,helpers/vehicle_helper.py,helpers/vehicle_helper.py,Match,,
tangdhar,Python,helpers/vehicle_report_helper.py,site_workflows/tangdhar/vehicle_report_helper.py,Match,,
tangdhar,Other,messages.pot,messages.pot,Different,P1,
tangdhar,Python,redisCommands.py,redisCommands.py,Different,P1,
tangdhar,Python,reports_blueprint.py,reports_blueprint.py,Match,,
tangdhar,Python,routeMethods.py,routeMethods.py,Different,P1,
tangdhar,Python,routes.py,routes.py,Different,P1,
tangdhar,Python,sqlCommands.py,sqlCommands.py,Different,P1,
tangdhar,Other,static/aadhars/5cc83815-c01c-4994-8a88-dcfd951899a1.png,static/aadhars/5cc83815-c01c-4994-8a88-dcfd951899a1.png,Match,,
tangdhar,Other,static/aadhars/7a89e89d-f2f9-40e9-942d-89809df73308.png,static/aadhars/7a89e89d-f2f9-40e9-942d-89809df73308.png,Match,,
tangdhar,Other,static/aadhars/94943d58-f09c-415d-9b8c-947f46d7c2b3.png,static/aadhars/94943d58-f09c-415d-9b8c-947f46d7c2b3.png,Match,,
tangdhar,Other,static/aadhars/MM - 123456789012- aadhar - .png,static/aadhars/MM - 123456789012- aadhar - .png,Match,,
tangdhar,Other,static/aadhars/MM TWO - 123456789012- aadhar - .gif,static/aadhars/MM TWO - 123456789012- aadhar - .gif,Match,,
tangdhar,Other,static/aadhars/MM TWO - 777777777777- aadhar - .png,static/aadhars/MM TWO - 777777777777- aadhar - .png,Match,,
tangdhar,Other,static/aadhars/fad624b6-501b-442f-9f3b-7926f985205a.png,static/aadhars/fad624b6-501b-442f-9f3b-7926f985205a.png,Match,,
tangdhar,Other,static/css/OpenSans-Light.ttf,static/css/OpenSans-Light.ttf,Match,,
tangdhar,Other,static/css/arrow.png,static/css/arrow.png,Match,,
tangdhar,Other,static/css/bootstrap.css.map,static/css/bootstrap.css.map,Match,,
tangdhar,Static,static/css/bootstrap.min.css,static/css/bootstrap.min.css,Match,,
tangdhar,Static,static/css/bootstrap.min.js,static/css/bootstrap.min.js,Match,,
tangdhar,Static,static/css/buttons.dataTables.min.css,static/css/buttons.dataTables.min.css,Match,,
tangdhar,Static,static/css/dataTables.bootstrap.css,static/css/dataTables.bootstrap.css,Match,,
tangdhar,Static,static/css/daterangepicker.css,static/css/daterangepicker.css,Match,,
tangdhar,Static,static/css/font-awesome.min.css,static/css/font-awesome.min.css,Match,,
tangdhar,Static,static/css/jquery-ui.css,static/css/jquery-ui.css,Match,,
tangdhar,Static,static/css/media.css,static/css/media.css,Match,,
tangdhar,Static,static/css/style.css,static/css/style.css,Different,P1,
tangdhar,Other,static/drivers_licenses/MM - 123456789012- drivers_license - .png,static/drivers_licenses/MM - 123456789012- drivers_license - .png,Match,,
tangdhar,Other,static/images/FontAwesome.otf,static/images/FontAwesome.otf,Match,,
tangdhar,Other,static/images/OpenSans-Light.ttf,static/images/OpenSans-Light.ttf,Match,,
tangdhar,Other,static/images/amogh-ganganagar-logo.png,static/images/amogh-ganganagar-logo.png,Match,,
tangdhar,Other,static/images/arrow.png,static/images/arrow.png,Match,,
tangdhar,Other,static/images/camera-2_screenshots/22-12-08/02-39-02.055239.jpg,static/images/camera-2_screenshots/22-12-08/02-39-02.055239.jpg,Match,,
tangdhar,Other,static/images/camera-2_screenshots/22-12-08/02-49-36.137264.jpg,static/images/camera-2_screenshots/22-12-08/02-49-36.137264.jpg,Match,,
tangdhar,Other,static/images/camera-2_screenshots/22-12-08/02-50-03.649407.jpg,static/images/camera-2_screenshots/22-12-08/02-50-03.649407.jpg,Match,,
tangdhar,Other,static/images/camera-2_screenshots/22-12-08/02-53-44.904557.jpg,static/images/camera-2_screenshots/22-12-08/02-53-44.904557.jpg,Match,,
tangdhar,Other,static/images/camera-2_screenshots/22-12-08/02-53-53.219719.jpg,static/images/camera-2_screenshots/22-12-08/02-53-53.219719.jpg,Match,,
tangdhar,Other,static/images/camera-2_screenshots/22-12-08/02-59-03.498623.jpg,static/images/camera-2_screenshots/22-12-08/02-59-03.498623.jpg,Match,,
tangdhar,Other,static/images/camera-2_screenshots/22-12-08/03-06-23.045932.jpg,static/images/camera-2_screenshots/22-12-08/03-06-23.045932.jpg,Match,,
tangdhar,Other,static/images/camera-2_screenshots/22-12-08/03-06-24.724405.jpg,static/images/camera-2_screenshots/22-12-08/03-06-24.724405.jpg,Match,,
tangdhar,Other,static/images/camera-2_screenshots/22-12-08/03-09-54.620228.jpg,static/images/camera-2_screenshots/22-12-08/03-09-54.620228.jpg,Match,,
tangdhar,Other,static/images/camera-2_screenshots/22-12-08/03-09-54.620229.jpg,static/images/camera-2_screenshots/22-12-08/03-09-54.620229.jpg,Match,,
tangdhar,Other,static/images/camera-2_screenshots/22-12-08/03-09-54.620230.jpg,static/images/camera-2_screenshots/22-12-08/03-09-54.620230.jpg,Match,,
tangdhar,Other,static/images/camera-2_screenshots/22-12-08/03-09-54.620231.jpg,static/images/camera-2_screenshots/22-12-08/03-09-54.620231.jpg,Match,,
tangdhar,Other,static/images/camera-2_screenshots/22-12-08/03-09-54.620232.jpg,static/images/camera-2_screenshots/22-12-08/03-09-54.620232.jpg,Match,,
tangdhar,Other,static/images/camera-2_screenshots/22-12-08/03-09-54.620233.jpg,static/images/camera-2_screenshots/22-12-08/03-09-54.620233.jpg,Match,,
tangdhar,Other,static/images/camera-2_screenshots/22-12-08/03-09-54.620234.jpg,static/images/camera-2_screenshots/22-12-08/03-09-54.620234.jpg,Match,,
tangdhar,Other,static/images/camera-2_screenshots/22-12-08/03-09-54.620235.jpg,static/images/camera-2_screenshots/22-12-08/03-09-54.620235.jpg,Match,,
tangdhar,Other,static/images/camera-2_screenshots/22-12-08/03-09-54.620236.jpg,static/images/camera-2_screenshots/22-12-08/03-09-54.620236.jpg,Match,,
tangdhar,Other,static/images/camera-2_screenshots/22-12-08/03-09-54.620237.jpg,static/images/camera-2_screenshots/22-12-08/03-09-54.620237.jpg,Match,,
tangdhar,Other,static/images/camera-2_screenshots/22-12-08/03-09-54.620238.jpg,static/images/camera-2_screenshots/22-12-08/03-09-54.620238.jpg,Match,,
tangdhar,Other,static/images/camera-2_screenshots/22-12-08/03-09-54.620239.jpg,static/images/camera-2_screenshots/22-12-08/03-09-54.620239.jpg,Match,,
tangdhar,Other,static/images/camera-2_screenshots/22-12-08/03-09-54.620240.jpg,static/images/camera-2_screenshots/22-12-08/03-09-54.620240.jpg,Match,,
tangdhar,Other,static/images/camera-2_screenshots/22-12-08/03-09-54.620241.jpg,static/images/camera-2_screenshots/22-12-08/03-09-54.620241.jpg,Match,,
tangdhar,Other,static/images/camera-2_screenshots/22-12-08/03-09-54.620242.jpg,static/images/camera-2_screenshots/22-12-08/03-09-54.620242.jpg,Match,,
tangdhar,Other,static/images/camera-2_screenshots/22-12-08/03-09-54.620243.jpg,static/images/camera-2_screenshots/22-12-08/03-09-54.620243.jpg,Match,,
tangdhar,Other,static/images/camera-2_screenshots/22-12-08/03-09-54.620244.jpg,static/images/camera-2_screenshots/22-12-08/03-09-54.620244.jpg,Match,,
tangdhar,Other,static/images/camera-2_screenshots/22-12-08/03-09-54.620245.jpg,static/images/camera-2_screenshots/22-12-08/03-09-54.620245.jpg,Match,,
tangdhar,Other,static/images/camera-2_screenshots/22-12-08/03-09-54.620246.jpg,static/images/camera-2_screenshots/22-12-08/03-09-54.620246.jpg,Match,,
tangdhar,Other,static/images/camera-2_screenshots/22-12-08/03-09-54.620247.jpg,static/images/camera-2_screenshots/22-12-08/03-09-54.620247.jpg,Match,,
tangdhar,Other,static/images/camera-2_screenshots/22-12-08/03-09-54.620248.jpg,static/images/camera-2_screenshots/22-12-08/03-09-54.620248.jpg,Match,,
tangdhar,Other,static/images/camera-2_screenshots/22-12-08/03-09-54.620249.jpg,static/images/camera-2_screenshots/22-12-08/03-09-54.620249.jpg,Match,,
tangdhar,Other,static/images/camera-2_screenshots/22-12-08/03-09-54.620250.jpg,static/images/camera-2_screenshots/22-12-08/03-09-54.620250.jpg,Match,,
tangdhar,Other,static/images/camera-2_screenshots/22-12-08/03-09-54.620251.jpg,static/images/camera-2_screenshots/22-12-08/03-09-54.620251.jpg,Match,,
tangdhar,Other,static/images/camera-2_screenshots/22-12-08/03-09-54.620252.jpg,static/images/camera-2_screenshots/22-12-08/03-09-54.620252.jpg,Match,,
tangdhar,Other,static/images/camera-2_screenshots/22-12-08/03-09-54.620253.jpg,static/images/camera-2_screenshots/22-12-08/03-09-54.620253.jpg,Match,,
tangdhar,Other,static/images/camera-2_screenshots/22-12-08/03-09-54.620254.jpg,static/images/camera-2_screenshots/22-12-08/03-09-54.620254.jpg,Match,,
tangdhar,Other,static/images/camera-2_screenshots/22-12-08/03-09-54.620255.jpg,static/images/camera-2_screenshots/22-12-08/03-09-54.620255.jpg,Match,,
tangdhar,Other,static/images/camera-2_screenshots/22-12-08/03-09-54.620256.jpg,static/images/camera-2_screenshots/22-12-08/03-09-54.620256.jpg,Match,,
tangdhar,Other,static/images/camera-2_screenshots/22-12-08/03-09-54.620257.jpg,static/images/camera-2_screenshots/22-12-08/03-09-54.620257.jpg,Match,,
tangdhar,Other,static/images/camera-2_screenshots/22-12-08/03-09-54.620258.jpg,static/images/camera-2_screenshots/22-12-08/03-09-54.620258.jpg,Match,,
tangdhar,Other,static/images/camera-2_screenshots/22-12-08/03-09-54.620259.jpg,static/images/camera-2_screenshots/22-12-08/03-09-54.620259.jpg,Match,,
tangdhar,Other,static/images/camera-2_screenshots/22-12-08/03-09-54.620260.jpg,static/images/camera-2_screenshots/22-12-08/03-09-54.620260.jpg,Match,,
tangdhar,Other,static/images/camera-2_screenshots/22-12-08/03-09-54.620261.jpg,static/images/camera-2_screenshots/22-12-08/03-09-54.620261.jpg,Match,,
tangdhar,Other,static/images/camera-2_screenshots/22-12-08/03-09-54.620262.jpg,static/images/camera-2_screenshots/22-12-08/03-09-54.620262.jpg,Match,,
tangdhar,Other,static/images/camera-2_screenshots/22-12-08/03-09-54.620263.jpg,static/images/camera-2_screenshots/22-12-08/03-09-54.620263.jpg,Match,,
tangdhar,Other,static/images/camera-2_screenshots/22-12-08/03-09-54.620264.jpg,static/images/camera-2_screenshots/22-12-08/03-09-54.620264.jpg,Match,,
tangdhar,Other,static/images/camera-2_screenshots/22-12-08/03-09-54.620265.jpg,static/images/camera-2_screenshots/22-12-08/03-09-54.620265.jpg,Match,,
tangdhar,Other,static/images/census-logo.png,static/images/census-logo.png,Match,,
tangdhar,Other,static/images/check.png,static/images/check.png,Match,,
tangdhar,Other,static/images/cross.png,static/images/cross.png,Match,,
tangdhar,Other,static/images/favicon-32x32.png,static/images/favicon-32x32.png,Match,,
tangdhar,Other,static/images/fontawesome-webfont.eot,static/images/fontawesome-webfont.eot,Match,,
tangdhar,Other,static/images/fontawesome-webfont.svg,static/images/fontawesome-webfont.svg,Match,,
tangdhar,Other,static/images/fontawesome-webfont.ttf,static/images/fontawesome-webfont.ttf,Match,,
tangdhar,Other,static/images/fontawesome-webfont.woff,static/images/fontawesome-webfont.woff,Match,,
tangdhar,Other,static/images/fontawesome-webfont.woff2,static/images/fontawesome-webfont.woff2,Match,,
tangdhar,Other,static/images/placeholder.png,static/images/placeholder.png,Match,,
tangdhar,Other,static/images/question-1.gif,static/images/question-1.gif,Match,,
tangdhar,Other,static/images/question.gif,static/images/question.gif,Match,,
tangdhar,Other,static/images/question.png,static/images/question.png,Match,,
tangdhar,Static,static/js/additional-methods.min.js,static/js/additional-methods.min.js,Match,,
tangdhar,Static,static/js/additional-validation-methods.js,static/js/additional-validation-methods.js,Match,,
tangdhar,Static,static/js/autocomplete.js,static/js/autocomplete.js,Match,,
tangdhar,Static,static/js/bootstrap-colorpicker.min.js,static/js/bootstrap-colorpicker.min.js,Match,,
tangdhar,Static,static/js/bootstrap-datepicker.js,static/js/bootstrap-datepicker.js,Match,,
tangdhar,Static,static/js/bootstrap-datetimepicker.js,static/js/bootstrap-datetimepicker.js,Match,,
tangdhar,Static,static/js/bootstrap-tagsinput.js,static/js/bootstrap-tagsinput.js,Match,,
tangdhar,Static,static/js/bootstrap.min.js,static/js/bootstrap.min.js,Match,,
tangdhar,Other,static/js/bootstrap.min.js.download,static/js/bootstrap.min.js.download,Match,,
tangdhar,Static,static/js/buttons.html5.min.js,static/js/buttons.html5.min.js,Match,,
tangdhar,Static,static/js/buttons.print.min.js,static/js/buttons.print.min.js,Match,,
tangdhar,Static,static/js/clockpicker.js,static/js/clockpicker.js,Match,,
tangdhar,Static,static/js/cropper.min.js,static/js/cropper.min.js,Match,,
tangdhar,Static,static/js/dataTables.buttons.min.js,static/js/dataTables.buttons.min.js,Match,,
tangdhar,Static,static/js/dataTables.editor.min.js,static/js/dataTables.editor.min.js,Match,,
tangdhar,Static,static/js/datatables.min.js,static/js/datatables.min.js,Match,,
tangdhar,Other,static/js/datatables.min.js.download,static/js/datatables.min.js.download,Match,,
tangdhar,Static,static/js/daterangepicker.js,static/js/daterangepicker.js,Match,,
tangdhar,Static,static/js/face-api.js,static/js/face-api.js,Match,,
tangdhar,Static,static/js/face-api.min.js,static/js/face-api.min.js,Match,,
tangdhar,Static,static/js/faceapi-script.js,static/js/faceapi-script.js,Match,,
tangdhar,Static,static/js/highcharts.js,static/js/highcharts.js,Match,,
tangdhar,Static,static/js/html5shiv.min.js,static/js/html5shiv.min.js,Match,,
tangdhar,Static,static/js/icheck.min.js,static/js/icheck.min.js,Match,,
tangdhar,Static,static/js/jQuery-2.1.4.min.js,static/js/jQuery-2.1.4.min.js,Match,,
tangdhar,Other,static/js/jquery-3.1.1.min.js.download,static/js/jquery-3.1.1.min.js.download,Match,,
tangdhar,Static,static/js/jquery-ui.js,static/js/jquery-ui.js,Match,,
tangdhar,Static,static/js/jquery.blueimp-gallery.min.js,static/js/jquery.blueimp-gallery.min.js,Match,,
tangdhar,Static,static/js/jquery.dataTables.min.js,static/js/jquery.dataTables.min.js,Match,,
tangdhar,Static,static/js/jquery.min.js,static/js/jquery.min.js,Match,,
tangdhar,Static,static/js/jquery.nicescroll.min.js,static/js/jquery.nicescroll.min.js,Match,,
tangdhar,Static,static/js/jquery.popupoverlay.js,static/js/jquery.popupoverlay.js,Match,,
tangdhar,Static,static/js/jquery.steps.min.js,static/js/jquery.steps.min.js,Match,,
tangdhar,Static,static/js/jquery.validate.min.js,static/js/jquery.validate.min.js,Match,,
tangdhar,Static,static/js/jszip.min.js,static/js/jszip.min.js,Match,,
tangdhar,Static,static/js/lightboxgallery-min.js,static/js/lightboxgallery-min.js,Match,,
tangdhar,Static,static/js/lightboxgallery.js,static/js/lightboxgallery.js,Match,,
tangdhar,Static,static/js/moment.min.js,static/js/moment.min.js,Match,,
tangdhar,Static,static/js/pdfmake.min.js,static/js/pdfmake.min.js,Match,,
tangdhar,Static,static/js/select2.full.min.js,static/js/select2.full.min.js,Match,,
tangdhar,Static,static/js/sweetalert2.all.min.js,static/js/sweetalert2.all.min.js,Match,,
tangdhar,Static,static/js/switchery.js,static/js/switchery.js,Match,,
tangdhar,Static,static/js/tesseract.min.js,(no combined file),Missing in combined,P1,
tangdhar,Static,static/js/time_counter.js,static/js/time_counter.js,Match,,
tangdhar,Static,static/js/tooltipster.bundle.min.js,static/js/tooltipster.bundle.min.js,Match,,
tangdhar,Static,static/js/vanilla-datetimerange-picker.js,static/js/vanilla-datetimerange-picker.js,Match,,
tangdhar,Static,static/js/vfs_fonts.js,static/js/vfs_fonts.js,Match,,
tangdhar,Other,static/known_persons/41669d5a-83c9-42d8-a2e2-8a41f82ec3cc.png,static/known_persons/41669d5a-83c9-42d8-a2e2-8a41f82ec3cc.png,Different,P1,
tangdhar,Other,static/known_vehicles/03-09-54.620228.jpg,static/known_vehicles/03-09-54.620228.jpg,Match,,
tangdhar,Other,static/known_vehicles/03-09-54.620229.jpg,static/known_vehicles/03-09-54.620229.jpg,Match,,
tangdhar,Other,static/known_vehicles/03-09-54.620230.jpg,static/known_vehicles/03-09-54.620230.jpg,Match,,
tangdhar,Other,static/known_vehicles/03-09-54.620231.jpg,static/known_vehicles/03-09-54.620231.jpg,Match,,
tangdhar,Other,static/known_vehicles/03-09-54.620232.jpg,static/known_vehicles/03-09-54.620232.jpg,Match,,
tangdhar,Other,static/known_vehicles/03-09-54.620233.jpg,static/known_vehicles/03-09-54.620233.jpg,Match,,
tangdhar,Other,static/known_vehicles/03-09-54.620234.jpg,static/known_vehicles/03-09-54.620234.jpg,Match,,
tangdhar,Other,static/known_vehicles/03-09-54.620245.jpg,static/known_vehicles/03-09-54.620245.jpg,Match,,
tangdhar,Other,static/known_vehicles/03-09-54.620246.jpg,static/known_vehicles/03-09-54.620246.jpg,Match,,
tangdhar,Other,static/known_vehicles/03-09-54.620247.jpg,static/known_vehicles/03-09-54.620247.jpg,Match,,
tangdhar,Other,static/known_vehicles/03-09-54.620248.jpg,static/known_vehicles/03-09-54.620248.jpg,Match,,
tangdhar,Other,static/known_vehicles/03-09-54.620249.jpg,static/known_vehicles/03-09-54.620249.jpg,Match,,
tangdhar,Other,static/known_vehicles/03-09-54.620250.jpg,static/known_vehicles/03-09-54.620250.jpg,Match,,
tangdhar,Other,static/known_vehicles/03-09-54.620251.jpg,static/known_vehicles/03-09-54.620251.jpg,Match,,
tangdhar,Other,static/known_vehicles/03-09-54.620252.jpg,static/known_vehicles/03-09-54.620252.jpg,Match,,
tangdhar,Other,static/known_vehicles/03-09-54.620253.jpg,static/known_vehicles/03-09-54.620253.jpg,Match,,
tangdhar,Other,static/known_vehicles/03-09-54.620254.jpg,static/known_vehicles/03-09-54.620254.jpg,Match,,
tangdhar,Other,static/known_vehicles/03-09-54.620255.jpg,static/known_vehicles/03-09-54.620255.jpg,Match,,
tangdhar,Other,static/known_vehicles/03-09-54.620256.jpg,static/known_vehicles/03-09-54.620256.jpg,Match,,
tangdhar,Other,static/known_vehicles/03-09-54.620257.jpg,static/known_vehicles/03-09-54.620257.jpg,Match,,
tangdhar,Other,static/known_vehicles/03-09-54.620258.jpg,static/known_vehicles/03-09-54.620258.jpg,Match,,
tangdhar,Other,static/known_vehicles/03-09-54.620259.jpg,static/known_vehicles/03-09-54.620259.jpg,Match,,
tangdhar,Other,static/known_vehicles/03-09-54.620260.jpg,static/known_vehicles/03-09-54.620260.jpg,Match,,
tangdhar,Other,static/known_vehicles/03-09-54.620261.jpg,static/known_vehicles/03-09-54.620261.jpg,Match,,
tangdhar,Other,static/known_vehicles/03-09-54.620262.jpg,static/known_vehicles/03-09-54.620262.jpg,Match,,
tangdhar,Other,static/known_vehicles/03-09-54.620263.jpg,static/known_vehicles/03-09-54.620263.jpg,Match,,
tangdhar,Other,static/known_vehicles/03-09-54.620264.jpg,static/known_vehicles/03-09-54.620264.jpg,Match,,
tangdhar,Other,static/known_vehicles/No-Image-Available.jpg,static/known_vehicles/No-Image-Available.jpg,Match,,
tangdhar,Other,static/models/face_expression_model-shard1,static/models/face_expression_model-shard1,Match,,
tangdhar,Other,static/models/face_expression_model-weights_manifest.json,static/models/face_expression_model-weights_manifest.json,Match,,
tangdhar,Other,static/models/face_landmark_68_model-shard1,static/models/face_landmark_68_model-shard1,Match,,
tangdhar,Other,static/models/face_landmark_68_model-weights_manifest.json,static/models/face_landmark_68_model-weights_manifest.json,Match,,
tangdhar,Other,static/models/face_landmark_68_tiny_model-shard1,static/models/face_landmark_68_tiny_model-shard1,Match,,
tangdhar,Other,static/models/face_landmark_68_tiny_model-weights_manifest.json,static/models/face_landmark_68_tiny_model-weights_manifest.json,Match,,
tangdhar,Other,static/models/face_recognition_model-shard1,static/models/face_recognition_model-shard1,Match,,
tangdhar,Other,static/models/face_recognition_model-shard2,static/models/face_recognition_model-shard2,Match,,
tangdhar,Other,static/models/face_recognition_model-weights_manifest.json,static/models/face_recognition_model-weights_manifest.json,Match,,
tangdhar,Other,static/models/tiny_face_detector_model-shard1,static/models/tiny_face_detector_model-shard1,Match,,
tangdhar,Other,static/models/tiny_face_detector_model-weights_manifest.json,static/models/tiny_face_detector_model-weights_manifest.json,Match,,
tangdhar,Other,static/permit_images/1-KA01MN4163-2026-08-12 12:48:12.570667-permit-.png,(no combined file),Missing in combined,P1,
tangdhar,Other,static/permit_images/1-KA04MT0565-2026-08-12 12:53:37.438909-permit-.png,(no combined file),Missing in combined,P1,
tangdhar,Other,static/permit_images/107-No Vehicle-2024-02-17 16:46:35.831125-permit-.png,static/permit_images/107-No Vehicle-2024-02-17 16:46:35.831125-permit-.png,Match,,
tangdhar,Other,static/permit_images/85-No Vehicle-2024-01-28 20:25:38.422647-permit-.png,static/permit_images/85-No Vehicle-2024-01-28 20:25:38.422647-permit-.png,Match,,
tangdhar,Other,static/permit_images/85-No Vehicle-2024-01-29 13:54:09.418325-permit-.png,static/permit_images/85-No Vehicle-2024-01-29 13:54:09.418325-permit-.png,Match,,
tangdhar,Other,static/permit_images/85-No Vehicle-2024-01-30 13:14:37.170848-permit-.png,static/permit_images/85-No Vehicle-2024-01-30 13:14:37.170848-permit-.png,Match,,
tangdhar,Other,static/permit_images/85-ka03af4813-2024-01-29 11:38:59.285451-permit-.png,static/permit_images/85-ka03af4813-2024-01-29 11:38:59.285451-permit-.png,Match,,
tangdhar,Other,static/permit_images/85-qwe-2024-02-20 20:15:17.723162-permit-.png,static/permit_images/85-qwe-2024-02-20 20:15:17.723162-permit-.png,Match,,
tangdhar,Other,static/permit_images/86-No Vehicle-2024-01-28 16:31:00.105132-permit-.png,static/permit_images/86-No Vehicle-2024-01-28 16:31:00.105132-permit-.png,Match,,
tangdhar,Other,static/permit_images/86-No Vehicle-2024-02-17 10:40:42.830908-permit-.png,static/permit_images/86-No Vehicle-2024-02-17 10:40:42.830908-permit-.png,Match,,
tangdhar,Other,static/permit_images/91-ka507902-2024-01-27 12:01:28.302803-permit-.png,static/permit_images/91-ka507902-2024-01-27 12:01:28.302803-permit-.png,Match,,
tangdhar,Other,static/permit_images/96-No Vehicle-2024-02-16 22:53:13.622352-permit-.jpg,static/permit_images/96-No Vehicle-2024-02-16 22:53:13.622352-permit-.jpg,Match,,
tangdhar,Other,static/permit_images/96-No Vehicle-2024-02-17 00:02:18.966011-permit-.jpeg,static/permit_images/96-No Vehicle-2024-02-17 00:02:18.966011-permit-.jpeg,Match,,
tangdhar,Other,static/permit_images/96-No Vehicle-2024-02-17 10:15:15.917398-permit-.jpg,static/permit_images/96-No Vehicle-2024-02-17 10:15:15.917398-permit-.jpg,Match,,
tangdhar,Other,static/permit_images/96-No Vehicle-2024-02-17 17:21:34.631879-permit-.png,static/permit_images/96-No Vehicle-2024-02-17 17:21:34.631879-permit-.png,Match,,
tangdhar,Other,static/permit_images/96-No Vehicle-2024-02-20 21:51:10.133926-permit-.jpg,static/permit_images/96-No Vehicle-2024-02-20 21:51:10.133926-permit-.jpg,Match,,
tangdhar,Other,static/permit_images/96-ka02al3752-2024-02-17 17:19:30.980160-permit-.jpeg,static/permit_images/96-ka02al3752-2024-02-17 17:19:30.980160-permit-.jpeg,Match,,
tangdhar,Other,static/permit_images/96-ka05nd8105-2024-02-17 17:16:08.752780-permit-.jpg,static/permit_images/96-ka05nd8105-2024-02-17 17:16:08.752780-permit-.jpg,Match,,
tangdhar,Template,templates/401.html,templates/sites/tangdhar/401.html,Match,,
tangdhar,Template,templates/404.html,templates/sites/tangdhar/404.html,Match,,
tangdhar,Template,templates/500.html,templates/sites/tangdhar/500.html,Match,,
tangdhar,Template,templates/aadhar_lookup.html,(no combined file),Missing in combined,P1,
tangdhar,Template,templates/add_trip.html,templates/sites/tangdhar/add_trip.html,Different,P0,
tangdhar,Template,templates/blacklist_alert.html,templates/blacklist_alert.html,Match,,
tangdhar,Template,templates/blacklisted_persons_list.html,templates/blacklisted_persons_list.html,Different,P0,
tangdhar,Template,templates/cam.html,(no combined file),Missing in combined,P1,
tangdhar,Template,templates/close_trip.html,templates/sites/tangdhar/close_trip.html,Match,,
tangdhar,Template,templates/components/trip_report_summary.html,templates/components/trip_report_summary.html,Match,,
tangdhar,Template,templates/components/trip_report_summary_script.html,templates/components/trip_report_summary_script.html,Match,,
tangdhar,Template,templates/components/trip_report_summary_styles.html,templates/components/trip_report_summary_styles.html,Match,,
tangdhar,Template,templates/enroll_blacklisted_person.html,templates/enroll_blacklisted_person.html,Match,,
tangdhar,Template,templates/faceapi.html,templates/faceapi.html,Match,,
tangdhar,Template,templates/home.html,templates/home.html,Match,,
tangdhar,Template,templates/known_person.html,templates/known_person.html,Different,P0,
tangdhar,Template,templates/known_vehicle.html,templates/sites/tangdhar/known_vehicle.html,Match,,
tangdhar,Template,templates/layout.html,templates/layout.html,Different,P0,
tangdhar,Template,templates/login.html,templates/login.html,Match,,
tangdhar,Template,templates/logout.html,templates/logout.html,Match,,
tangdhar,Template,templates/manual_face_verification.html,templates/manual_face_verification.html,Match,,
tangdhar,Template,templates/manual_face_verification_static.html,templates/manual_face_verification_static.html,Different,P0,
tangdhar,Template,templates/ocr-google-api.html,(no combined file),Missing in combined,P1,
tangdhar,Template,templates/ocr.html,(no combined file),Missing in combined,P1,
tangdhar,Template,templates/person_lookup.html,templates/sites/tangdhar/person_lookup.html,Match,,
tangdhar,Template,templates/person_lookup_result_list.html,templates/sites/tangdhar/person_lookup_result_list.html,Match,,
tangdhar,Template,templates/person_report.html,templates/sites/tangdhar/person_report.html,Match,,
tangdhar,Template,templates/recognize_person.html,templates/recognize_person.html,Match,,
tangdhar,Template,templates/recognize_trip.html,(no combined file),Missing in combined,P1,
tangdhar,Template,templates/recognize_vehicle.html,templates/sites/tangdhar/recognize_vehicle.html,Different,P0,
tangdhar,Template,templates/report_home.html,templates/sites/tangdhar/report_home.html,Match,,
tangdhar,Template,templates/reregister_face.html,templates/reregister_face.html,Match,,
tangdhar,Template,templates/static-recognize-vehicle.html,templates/static-recognize-vehicle.html,Different,P0,
tangdhar,Template,templates/static-recognize.html,templates/static-recognize.html,Different,P0,
tangdhar,Template,templates/static_trip_summary.html,templates/sites/tangdhar/static_trip_summary.html,Match,,
tangdhar,Template,templates/success_page.html,templates/success_page.html,Match,,
tangdhar,Template,templates/token_error.html,templates/token_error.html,Match,,
tangdhar,Template,templates/trip_report.html,templates/trip_report.html,Different,P0,
tangdhar,Template,templates/trip_summary.html,templates/sites/tangdhar/trip_summary.html,Different,P0,
tangdhar,Template,templates/unfinished_trips.html,templates/sites/tangdhar/unfinished_trips.html,Match,,
tangdhar,Template,templates/unknown_person.html,templates/unknown_person.html,Different,P0,
tangdhar,Template,templates/unknown_vehicle.html,templates/sites/tangdhar/unknown_vehicle.html,Match,,
tangdhar,Template,templates/vehicle_report.html,templates/sites/tangdhar/vehicle_report.html,Match,,
tangdhar,Other,translations/en/LC_MESSAGES/messages.mo,translations/en/LC_MESSAGES/messages.mo,Different,P1,
tangdhar,Other,translations/en/LC_MESSAGES/messages.po,translations/en/LC_MESSAGES/messages.po,Different,P1,
tangdhar,Other,translations/hi/LC_MESSAGES/messages.mo,translations/hi/LC_MESSAGES/messages.mo,Different,P1,
tangdhar,Other,translations/hi/LC_MESSAGES/messages.po,translations/hi/LC_MESSAGES/messages.po,Different,P1,
